date,valid_pixels,mean_inundation,median_inundation,max_inundation,pixels_ge_025_pct,pixels_ge_050_pct,pixels_ge_075_pct
2001-09-10,54707,0.4026400148868561,0.2980809509754181,0.997378945350647,56.113477251540026,32.98480998775294,21.810737199992687
2001-09-18,54707,0.406279593706131,0.29199203848838806,0.9969434142112732,54.73339791982744,34.28811669439011,23.08662511196008
2001-09-26,54707,0.34961003065109253,0.18970966339111328,0.9955316781997681,43.94684409673351,29.500795145045423,20.704845814977972
2001-10-04,54707,0.3514222502708435,0.19615823030471802,0.9946244359016418,44.45134991865757,29.674447511287404,20.85290730619482
2001-10-12,54707,0.3477296531200409,0.18280068039894104,0.9946444034576416,43.94501617708885,29.833476520372166,20.77796260076407
2001-10-20,54707,0.31858280301094055,0.13739193975925446,0.993913471698761,39.890690405249785,27.376752517959314,19.57701939422743
2001-10-28,54707,0.29602760076522827,0.1112089455127716,0.9940669536590576,37.05558703639388,25.307547480212772,18.306615241193995
2001-11-05,54707,0.29792287945747375,0.12121070921421051,0.9927206039428711,37.918365108669825,25.334966274882557,17.540716910084633
2001-11-13,54707,0.27707037329673767,0.11143182963132858,0.9911900758743286,35.9752865264043,23.199956129928527,14.72937649660921
2001-11-21,54707,0.25643783807754517,0.10004220902919769,0.9888538122177124,34.03769170307273,21.28429634233279,12.332973842469885
2001-11-29,54707,0.25792887806892395,0.12157777696847916,0.9892076849937439,35.11616429341766,20.353885243204708,9.984097099091525
2001-12-07,54707,0.24606119096279144,0.14464716613292694,0.9848104119300842,35.176485641691194,17.050834445317783,6.408686274151389
2001-12-15,54707,0.2521016001701355,0.15597812831401825,0.9896117448806763,35.5603487670682,17.005136454201473,6.525673131409143
2001-12-23,54707,0.298844575881958,0.24894313514232635,0.9877499938011169,49.77790776317473,17.856947008609502,5.555047800098708
2001-12-31,54707,0.336195170879364,0.3023271858692169,0.9886588454246521,59.89178715703658,20.81817683294642,5.2205385051273145
2002-01-05,54707,0.3698023855686188,0.348711222410202,0.9913921356201172,68.45010693329921,25.132067194326137,5.26989233553293
2002-01-29,54707,0.45338574051856995,0.47082942724227905,0.9589870572090149,82.36240334874878,44.29414882921747,6.112563291717696
2002-02-14,54707,0.7302787899971008,0.7774428129196167,0.9810677766799927,96.48308260368874,89.86601349004698,57.76408869066116
2002-02-22,54707,0.8158102631568909,0.8600257635116577,0.9837096929550171,99.12259857056684,94.42667300345477,81.89993967865172
2002-03-02,54707,0.8353113532066345,0.8867077231407166,0.9826927185058594,99.00926755259839,93.5766903686914,85.65997038770176
2002-04-03,54707,0.35983529686927795,0.3490579426288605,0.9702439308166504,75.58630522602226,17.292119838411903,1.376423492423273
2002-04-11,54707,0.13367438316345215,0.10696089267730713,0.9501605033874512,8.891001151589375,1.4787869925238086,0.23214579487085746
2002-04-19,54707,0.14759546518325806,0.11642950773239136,0.9528993964195251,11.413530261209717,2.039958323432102,0.3802072860877036
2002-04-27,54707,0.2057652324438095,0.15869757533073425,0.9504560232162476,28.599630760231783,6.490942658160748,0.8627780722759427
2002-05-05,54707,0.23632027208805084,0.1668045073747635,0.9793558716773987,33.734257042060435,12.095344288665071,3.1952035388524322
2002-05-13,54707,0.257447749376297,0.16572435200214386,0.9868168234825134,33.851243899318185,16.078381194362695,7.488986784140969
2002-05-21,54707,0.2890359163284302,0.17298536002635956,0.993303120136261,37.413859286745755,20.805381395433855,12.226954503080044
2002-05-29,54707,0.34782078862190247,0.23905207216739655,0.9949150085449219,48.569652878059486,28.115232054398888,16.752883543239438
2002-06-06,54707,0.414421021938324,0.3400755822658539,0.9957526922225952,61.37057414956038,35.35196592757782,21.222147074414607
2002-06-14,54707,0.5210058093070984,0.5150071382522583,0.9998786449432373,77.84744182645731,51.58389237209132,28.83177655510264
2002-06-22,54707,0.48645201325416565,0.4449504017829895,0.9971416592597961,67.91087063812675,46.21346445610251,30.12594366351655
2002-06-30,54707,0.47690632939338684,0.4572905898094177,0.9945476055145264,69.14837223755643,46.370665545542614,27.554060723490597
2002-07-08,54707,0.4622058570384979,0.4391706883907318,0.9955475330352783,67.78108834335642,44.62683020454421,25.005940738845123
2002-07-16,54707,0.48422858119010925,0.4663648009300232,0.9964339733123779,68.80289542471712,47.16398267132177,28.30350777779809
2002-07-24,54707,0.5244519710540771,0.5345045328140259,0.9957765936851501,76.8567093790557,53.69696748130952,29.69272670773393
2002-08-01,54707,0.5215421319007874,0.534308671951294,0.9945148229598999,76.12371360155008,53.43740289176888,30.021752243771367
2002-08-09,54707,0.5214414596557617,0.5139737129211426,0.9958043694496155,72.03100151717331,51.08487030910121,34.10715264956953
2002-08-17,54707,0.4890223443508148,0.4707595705986023,0.9920552372932434,71.2011259985011,47.4473102162429,28.800701921143546
2002-08-25,54707,0.4813914895057678,0.43727827072143555,0.9943709969520569,70.17200723856179,44.582960133072554,28.694682581753707
2002-09-02,54707,0.4572960436344147,0.3899655342102051,0.9953494668006897,66.80863509240133,40.053375253623855,26.09355292741331
2002-09-10,54707,0.4001917243003845,0.2949472665786743,0.9929977655410767,56.02025334966275,33.03233589851391,22.74480413841008
2002-09-18,54707,0.35928860306739807,0.20886705815792084,0.9920479655265808,45.26660208017256,30.294112270824574,21.87288646791087
2002-09-26,54707,0.345930814743042,0.20803087949752808,0.9944911003112793,44.292320909572815,27.989105598917874,19.494763010218072
2002-10-04,54707,0.33831921219825745,0.17051635682582855,0.9927001595497131,41.38592867457547,28.48812766190798,20.328294368179574
2002-10-12,54707,0.328205943107605,0.1372145265340805,0.9953163862228394,39.73714515509898,28.5411373316029,20.783446359698026
2002-10-20,54707,0.2957124412059784,0.12748457491397858,0.9917044639587402,37.210960206189334,25.058950408540042,16.462244319739703
2002-10-28,54707,0.2828996777534485,0.11358363926410675,0.9939079284667969,36.08313378543879,24.10843219332078,15.137002577366697
2002-11-05,54707,0.2610645592212677,0.11184192448854446,0.9885641932487488,34.68111941799039,21.214835395835998,11.530517118467472
2002-11-13,54707,0.28526315093040466,0.1304025501012802,0.9939936995506287,37.94943974262892,24.020692050377466,13.762407004588079
2002-11-21,54707,0.2808210849761963,0.13206470012664795,0.9932059049606323,38.049975323084794,23.2547937192681,12.468239896174165
2002-11-29,54707,0.24709869921207428,0.12338988482952118,0.9880421161651611,34.97175864149012,18.518653919973676,8.077576909719049
2002-12-07,54707,0.25449392199516296,0.15197384357452393,0.9926760792732239,36.44140603579067,17.50050267790228,7.273292266071983
2002-12-15,54707,0.2865455448627472,0.21971270442008972,0.991517186164856,45.069186758550096,18.092748642769664,6.5622315243021925
2002-12-23,54707,0.30446305871009827,0.25238513946533203,0.991129994392395,50.42499131738168,18.80563730418411,5.470963496444696
2002-12-31,54707,0.3427308201789856,0.31542056798934937,0.9933850169181824,60.697899720328294,23.393715612261683,4.867750013709397
2003-01-05,54707,0.37383899092674255,0.35377827286720276,0.9941469430923462,68.91257060339628,26.243442338274807,4.834847460105654
2003-01-13,54707,0.3661060929298401,0.3484589457511902,0.9909561276435852,68.68956440674869,23.892737675251794,3.9830369056976256
2003-01-21,54707,0.39067786931991577,0.37662655115127563,0.9874827861785889,75.1238415559252,27.245142303544334,3.8514266912826516
2003-01-29,54707,0.3662140965461731,0.34757542610168457,0.9767662286758423,70.71672729266821,23.1780210941927,2.668762681192535
2003-02-06,54707,0.34906572103500366,0.3204505145549774,0.9701617956161499,64.94964081378983,21.132579011826643,2.6157530114976146
2003-02-14,54707,0.2924257218837738,0.25259217619895935,0.9578174352645874,50.53649441570549,14.341857531942894,1.4221214835395835
2003-02-22,54707,0.2976275086402893,0.2516602575778961,0.9636374115943909,50.32811157621511,16.604822052022595,2.200815252161515
2003-03-02,54707,0.3131749629974365,0.2686730921268463,0.9486157298088074,53.29116932019669,19.573363554938126,2.857038404591734
2003-03-10,54707,0.3212455213069916,0.27591416239738464,0.9468819499015808,54.5122196428245,20.893121538377173,3.493154440930777
2003-03-18,54707,0.2180202454328537,0.17045031487941742,0.949510395526886,32.913521121611495,6.810828595974922,0.4825707861882391
2003-03-26,54707,0.2653448283672333,0.21317030489444733,0.9546344876289368,42.93966037253003,13.389511397078985,1.6140530462280878
2003-04-03,54707,0.11981446295976639,0.09220809489488602,0.9492876529693604,7.834463596980276,0.9029923044582959,0.13892189299358398
2003-04-11,54707,0.12785449624061584,0.09187749773263931,0.9551244974136353,10.232694170764253,2.0052278501837058,0.4003144021788802
2003-04-19,54707,0.11799615621566772,0.08872101455926895,0.9813057780265808,7.701025462920651,1.4550240371433272,0.35096057177326484
2003-04-27,54707,0.12296628206968307,0.08089390397071838,0.987381100654602,10.985797064361051,2.259308680790393,0.6854698667446579
2003-05-05,54707,0.19152486324310303,0.15452726185321808,0.9947842955589294,26.727841044107702,4.493026486555651,1.0382583581625753
2003-05-13,54707,0.1595386266708374,0.10401024669408798,0.9916538596153259,16.762023141462702,5.796333193192827,2.135010144954028
2003-05-21,54707,0.17134784162044525,0.11122743785381317,0.9850954413414001,19.768950956915933,6.569543202880801,2.4859707167272926
2003-05-29,54707,0.25561249256134033,0.19126088917255402,0.9939907789230347,37.72460562633667,13.367576361343156,5.767086478878388
2003-06-06,54707,0.24316883087158203,0.17637330293655396,0.9918540716171265,34.346610123019,12.762534958963204,5.425265505328386
2003-06-14,54707,0.48177316784858704,0.4540771245956421,0.997826874256134,70.95435684647303,45.92099731295812,26.724185204818397
2003-06-22,54707,0.48067477345466614,0.43226200342178345,0.9978491067886353,70.41694847094521,43.921253221708376,27.449869303745405
2003-06-30,54707,0.5507817268371582,0.584533154964447,0.9983397722244263,73.38366205421609,55.38779315261301,38.687919279068495
2003-07-08,54707,0.5396555662155151,0.5741642117500305,0.9978596568107605,72.10229038331475,54.59447602683386,37.79406657283346
2003-07-16,54707,0.538843035697937,0.5479814410209656,0.9988730549812317,72.11874166011663,53.110205275376096,37.446761840349495
2003-07-24,54707,0.4962941110134125,0.448661208152771,0.9991368651390076,65.6808086716508,46.87151552817738,33.66296817591899
2003-08-01,54707,0.47405728697776794,0.38639137148857117,0.9989345669746399,62.29001773082056,43.040195952985904,31.60107481675106
2003-08-09,54707,0.4558136463165283,0.3845358192920685,0.9977989792823792,64.28427806313634,40.67121209351637,26.60354250827134
2003-08-17,54707,0.4766177535057068,0.431913822889328,0.9968928098678589,68.5122562012174,44.21006452556346,27.899537536329905
2003-08-25,54707,0.4396955966949463,0.3631698787212372,0.9991135001182556,64.41406035790666,37.45407351892811,24.238214488091103
2003-09-02,54707,0.40427425503730774,0.2970920205116272,0.9965080618858337,56.65454146635713,32.80932970186631,22.285996307602318
2003-09-10,54707,0.3806827962398529,0.2582456171512604,0.9975261092185974,51.20368508600362,30.13691118138447,20.977205842031186
2003-09-18,54707,0.38866814970970154,0.27237051725387573,0.9981355667114258,53.16321494507101,30.97044253934597,21.563968047964615
2003-09-26,54707,0.3632258474826813,0.2332523763179779,0.9959355592727661,47.76171239512311,29.36552909134115,20.45259290401594
2003-10-04,54707,0.3491891026496887,0.18915508687496185,0.9968825578689575,42.71482625623778,28.5374814923136,20.902261136600437
2003-10-12,54707,0.3302000164985657,0.14232522249221802,0.9960648417472839,40.10638492331877,28.59780284058713,20.86021898477343
2003-10-20,54707,0.3074204623699188,0.1131419911980629,0.9960846900939941,37.19085309009816,26.735152722686312,19.779918474783848
2003-10-28,54707,0.29103508591651917,0.10584692656993866,0.9951483607292175,35.28981665965964,24.793902060065438,17.973933865867256
2003-11-05,54707,0.27054357528686523,0.09527713805437088,0.9931564927101135,33.85307181896284,23.05006671906703,15.469683952693439
2003-11-13,54707,0.25676390528678894,0.08554036170244217,0.9921830296516418,32.92448863947941,21.93869157511836,13.7039135759592
2003-11-21,54707,0.23981566727161407,0.08597046881914139,0.9893131852149963,32.43460617471256,19.715941287221014,10.450216608477891
2003-11-29,54707,0.22406624257564545,0.09401419758796692,0.9846886396408081,30.51711846747217,16.70718555212313,7.605973641398724
2003-12-07,54707,0.2226852923631668,0.11031857877969742,0.9917837381362915,30.778510976657465,15.202807684574186,6.103423693494435
2003-12-15,54707,0.25277984142303467,0.17458485066890717,0.9881541728973389,37.006233205988266,14.809804960973915,5.006671906702982
2003-12-23,54707,0.279974102973938,0.23523671925067902,0.9892827272415161,47.06527501051054,15.094960425539695,4.015939459301369
2003-12-31,54707,0.30363184213638306,0.26728665828704834,0.9901254177093506,53.04622808781326,17.941031312263515,4.397974665033725
2004-01-05,54707,0.3412948250770569,0.3224833309650421,0.9864286780357361,61.90432668579889,22.63695687937558,4.419909700769554
2004-01-13,54707,0.36391597986221313,0.3519209325313568,0.9856970310211182,67.91087063812675,24.474016122251268,3.35971630687115
2004-01-21,54707,0.35173332691192627,0.3389108180999756,0.9708428978919983,67.81947465589413,20.947959127716747,2.043614162721407
2004-01-29,54707,0.35458531975746155,0.3241162896156311,0.9644279479980469,65.64790611804705,22.13793481638547,2.9100480742866544
2004-02-06,54707,0.3403516113758087,0.30192703008651733,0.9671705961227417,59.58469665673497,22.09223682526916,3.4438006105251615
2004-02-14,54707,0.32821810245513916,0.28396686911582947,0.9664360880851746,55.84842890306542,21.27698466375418,3.785621584075164
2004-02-22,54707,0.33544814586639404,0.29135221242904663,0.9565837383270264,56.80260295757399,23.364468897947248,4.765386513608862
2004-03-01,54707,0.3285856544971466,0.27681708335876465,0.9528729915618896,54.19050578536567,23.32242674612024,5.321074085583198
2004-03-09,54707,0.30855366587638855,0.25558122992515564,0.953071117401123,50.92766921966111,20.25700550203813,4.27367612919736
2004-03-17,54707,0.2971371114253998,0.2511533796787262,0.938147783279419,50.22209223682527,17.518781874348804,2.538980386422213
2004-03-25,54707,0.23585578799247742,0.18308964371681213,0.9423481822013855,36.037435794322484,9.744639625642057,0.9962162063355694
2004-04-02,54707,0.1397830992937088,0.10557814687490463,0.966367244720459,12.552324199828174,1.6250205640960025,0.18461988410989452
2004-04-10,54707,0.12343291938304901,0.09361889213323593,0.9787902235984802,8.982397133821998,1.4550240371433272,0.3381651342606979
2004-04-18,54707,0.30591413378715515,0.2118154764175415,0.9938169121742249,44.685323633173084,22.339005977297237,9.474107518233499
2004-04-26,54707,0.398263156414032,0.2980259954929352,0.9951667785644531,54.44275869632771,36.38839636609575,22.04653883415285
2004-05-04,54707,0.3604259192943573,0.23302654922008514,0.9929242134094238,48.05235161862284,30.228307163617085,19.361324876158445
2004-05-12,54707,0.2918908894062042,0.16497567296028137,0.994408130645752,36.19098104447328,21.474399985376643,14.338201692653591
2004-05-20,54707,0.343639999628067,0.20826782286167145,0.995242714881897,44.44952199901292,27.868462902370812,19.04326685798892
2004-05-28,54707,0.35689717531204224,0.2655029892921448,0.9929441809654236,52.262050560257364,27.32191492861974,16.347085382126604
2004-06-05,54707,0.4181426763534546,0.35138893127441406,0.9948946237564087,63.4214999908604,34.67380773941178,20.434313707569416
2004-06-13,54707,0.41829484701156616,0.34111011028289795,0.9958934783935547,63.14548412451788,33.69221489023342,20.735920448937065
2004-06-21,54707,0.39584916830062866,0.3206128478050232,0.9961673617362976,60.76553274718043,30.694426673003456,18.741660116621272
2004-06-29,54707,0.45475995540618896,0.42151886224746704,0.9908899664878845,67.84506553091926,42.44612206847387,23.808653371597785
2004-07-07,54707,0.45049744844436646,0.4011434018611908,0.9935749173164368,66.67336903869706,40.95636755808215,24.14316266656918
2004-07-15,54707,0.5617662072181702,0.6323732137680054,0.9934990406036377,75.44738333302868,60.54252655053284,38.68609135942384
2004-07-23,54707,0.5998384952545166,0.7030988931655884,0.996423065662384,78.62613559507923,66.01349004697752,44.829729285100626
2004-07-31,54707,0.5747157335281372,0.6713353395462036,0.9958102703094482,73.6176357687316,60.21898477342936,43.79695468587201
2004-08-08,54707,0.5504854917526245,0.6009013652801514,0.9940756559371948,72.69819218747145,56.45712614473468,39.55069735134443
2004-08-16,54707,0.531798779964447,0.5478699207305908,0.9956984519958496,70.19028643500832,52.83967316796754,37.859871680040946
2004-08-24,54707,0.5287070870399475,0.540141224861145,0.9944359064102173,73.04184108066609,52.845156926901495,35.17100188275724
2004-09-01,54707,0.5703004002571106,0.6172965168952942,0.9977445602416992,76.81101138793939,58.13881221781491,40.61820242382145
2004-09-09,54707,0.5816529393196106,0.6605154275894165,0.9927800297737122,77.2332608258541,60.78563986327161,42.96890708684446
2004-09-17,54707,0.5045161843299866,0.48982569575309753,0.994559109210968,66.56734969930721,49.39770047708703,35.54755332955563
2004-09-25,54707,0.45960867404937744,0.37810516357421875,0.9945273995399475,57.912150181878005,44.063830953991264,32.346866031769245
2004-10-03,54707,0.4163128733634949,0.2787562906742096,0.9940213561058044,51.83066152411941,39.37887290474711,29.11327618037911
2004-10-11,54707,0.43905067443847656,0.3100065588951111,0.9942551255226135,53.245471329080374,42.404079916646864,32.597291023086626
2004-10-19,54707,0.4081684350967407,0.23499350249767303,0.9945521950721741,49.12716836967847,38.841464529219294,30.054654797375107
2004-10-27,54707,0.36191898584365845,0.17803241312503815,0.9931396842002869,44.52081086515437,33.49479956861096,24.912716836967846
2004-11-04,54707,0.3269687592983246,0.1462162435054779,0.9889905452728271,40.93626044199097,29.725629261337673,20.915056574113002
2004-11-12,54707,0.3093816339969635,0.1416003406047821,0.9871211647987366,40.04057981611128,27.735024768311185,17.68329464236752
2004-11-20,54707,0.285719633102417,0.14103125035762787,0.9899525046348572,38.263841921509126,24.47767196154057,13.68746229915733
2004-11-28,54707,0.2809397578239441,0.1756206750869751,0.9862673282623291,39.55069735134443,20.940647449138137,10.336885590509441
2004-12-06,54707,0.2897934317588806,0.22099162638187408,0.9855791330337524,45.509715392911325,18.727036759464056,6.986308881861554
2004-12-14,54707,0.3176388740539551,0.2646702527999878,0.9827175736427307,52.58193649807155,19.7049737693531,6.355676604456469
2004-12-22,54707,0.3410097658634186,0.30417439341545105,0.9863283038139343,60.19156597875958,21.993529164457932,5.5239731661396165
2004-12-30,54707,0.4112991392612457,0.39628326892852783,0.988255500793457,75.32125687754765,32.92266071983476,6.410514193796041
2005-01-05,54707,0.41557255387306213,0.40166619420051575,0.9893876314163208,77.118101888241,32.92266071983476,6.065037380956733
2005-01-13,54707,0.41678962111473083,0.401180237531662,0.9846405982971191,78.99537536329902,32.3139634781655,5.333869523095765
2005-01-21,54707,0.42949777841567993,0.41080787777900696,0.979306697845459,80.2145977662822,34.97175864149012,6.759646845924654
2005-01-29,54707,0.3909207284450531,0.35785380005836487,0.9721660614013672,70.68930849799843,28.85188367119381,5.818268228928656
2005-02-06,54707,0.38341236114501953,0.34384962916374207,0.9708929061889648,65.4925329482516,30.083901511689547,7.23307803388963
2005-02-14,54707,0.3834066390991211,0.34352248907089233,0.9676800966262817,62.75065348127297,32.0489151296909,8.951322499862906
2005-02-22,54707,0.267200767993927,0.218859001994133,0.9595227837562561,43.87921106988137,12.874038057287002,1.8041566892719396
2005-03-02,54707,0.2935027778148651,0.2422044575214386,0.9635722041130066,48.59524375308462,17.224486811559764,3.0891841994625917
2005-03-10,54707,0.19852785766124725,0.14367902278900146,0.979019820690155,26.018608221982564,6.617069113641764,0.8444988758294185
2005-03-18,54707,0.16833633184432983,0.11846059560775757,0.9795950055122375,19.194984188495074,4.158517191584258,0.5282687773045497
2005-03-26,54707,0.15322326123714447,0.12028153985738754,0.9777287840843201,14.303471219405195,2.180708136070338,0.4405286343612335
2005-04-03,54707,0.11543329805135727,0.07784242928028107,0.9953309893608093,8.262196793828943,2.2757599575922645,0.8042846436470652
2005-04-11,54707,0.13819053769111633,0.09394088387489319,0.9900665283203125,13.097044253934598,2.9484343868243554,0.9029923044582959
2005-04-19,54707,0.12283162772655487,0.0792006403207779,0.9832509160041809,10.556235947867732,2.760158663425156,0.9486902955746066
2005-04-27,54707,0.12503409385681152,0.07956445962190628,0.9725695848464966,12.1940519494763,2.7491911455572415,0.6982653042572249
2005-05-05,54707,0.13483242690563202,0.09041262418031693,0.9792054295539856,12.976401557387538,3.293911199663663,1.0693329921216663
2005-05-13,54707,0.23180432617664337,0.181224524974823,0.9910991787910461,36.30796790173104,10.148609867110242,2.699837315151626
2005-05-21,54707,0.36567357182502747,0.33466583490371704,0.9905104041099548,63.26612682106495,27.877602500594072,8.86358235691959
2005-05-29,54707,0.4596972167491913,0.42953965067863464,0.9950644373893738,71.92681009742812,42.08419397883269,22.50534666496061
2005-06-06,54707,0.39075520634651184,0.31393587589263916,0.9944683313369751,58.365474253751806,32.03977553146763,18.758111393423146
2005-06-14,54707,0.3737190365791321,0.27382543683052063,0.9946664571762085,53.26923428446085,29.795090207834463,18.992085107938657
2005-06-22,54707,0.40010926127433777,0.31829559803009033,0.9954322576522827,59.46588187983256,32.217083736998916,19.77260679620524
2005-06-30,54707,0.4152250587940216,0.32893872261047363,0.9953839182853699,58.69449978978925,36.09410130330671,22.812437165262214
2005-07-08,54707,0.4102141559123993,0.30705511569976807,0.9961386322975159,56.14089604620981,35.82174127625349,23.384576014038423
2005-07-16,54707,0.4470328390598297,0.38888129591941833,0.9926302433013916,66.29133383296471,39.757252271190154,23.89456559489645
2005-07-24,54707,0.4754677712917328,0.45042282342910767,0.9932574033737183,67.5288354323944,45.89357851828834,27.47546017877054
2005-08-01,54707,0.49319174885749817,0.47931671142578125,0.9927833080291748,69.78083243460618,48.31374412780814,29.38929204672163
2005-08-09,54707,0.4920453727245331,0.4686189293861389,0.9929509162902832,72.09132286544684,46.911729760359734,27.453525143034714
2005-08-17,54707,0.4641898274421692,0.4033089280128479,0.9953386783599854,67.67506900396658,41.815489791068785,26.232474820406892
2005-08-25,54707,0.46906888484954834,0.4305548071861267,0.9961395859718323,72.44959511579872,42.34741440766264,23.825104648399655
2005-09-02,54707,0.4934581518173218,0.4554405212402344,0.9960441589355469,71.51918401667062,46.22625989361508,28.793390242564936
2005-09-10,54707,0.39088866114616394,0.2712502181529999,0.9943621158599854,52.068291077924215,33.34308223810481,22.63695687937558
2005-09-18,54707,0.3196856379508972,0.1661624312400818,0.9943948984146118,39.73531723545433,25.77915074853309,18.606394062916994
2005-09-26,54707,0.33872121572494507,0.2094411700963974,0.9928513765335083,44.343502659623084,26.738808561975613,18.31575483941726
2005-10-04,54707,0.32708293199539185,0.15689827501773834,0.9948970675468445,39.92542087849818,26.972782276491124,19.50938636737529
2005-10-12,54707,0.2744111120700836,0.09897113591432571,0.9933778643608093,32.928144478768715,22.730180781252855,16.6468642038496
2005-10-20,54707,0.28417596220970154,0.10392699390649796,0.9941642880439758,34.24607454256311,23.625861407132543,17.526093552927414
2005-10-28,54707,0.2921055853366852,0.11983203887939453,0.9939309358596802,36.60957464309869,24.293052077430676,16.804065293289707
2005-11-05,54707,0.27771303057670593,0.09740041941404343,0.994847297668457,34.32833092657247,23.4430694426673,16.387299614308954
2005-11-13,54707,0.2562706470489502,0.08948291838169098,0.9916649460792542,33.07620596998556,21.85095143217504,13.309082932714277
2005-11-21,54707,0.25022128224372864,0.09652816504240036,0.991351842880249,33.41802694353556,20.677427020308187,11.062569689436453
2005-11-29,54707,0.2299327552318573,0.0961942970752716,0.9913070797920227,31.582795620304534,18.037911053430093,8.269508472407553
2005-12-07,54707,0.2362622320652008,0.12020710855722427,0.9903528094291687,32.70879412141042,17.356097025974737,7.158133328458881
2005-12-15,54707,0.2684682607650757,0.18806278705596924,0.9911099672317505,39.70424260149524,17.31222695450308,6.178368398925183
2005-12-23,54707,0.29925858974456787,0.24029043316841125,0.9929634928703308,48.40148427075146,18.847679456011114,5.754291041365821
2005-12-31,54707,0.3330528140068054,0.29431384801864624,0.9948392510414124,58.00354616411063,22.095892664558466,5.392362951724642
2006-01-05,54707,0.37348052859306335,0.35305967926979065,0.9905650615692139,68.84128173725483,26.457308936699143,4.843987058328915
2006-01-13,54707,0.38913246989250183,0.3761556148529053,0.9931788444519043,75.05620852907306,27.03675946405396,3.8916409234650042
2006-01-21,54707,0.4003186821937561,0.3800608217716217,0.9676992297172546,76.42166450362842,29.02370811779114,4.491198566910999
2006-01-29,54707,0.3877444565296173,0.357865571975708,0.9668015241622925,71.13166505200431,28.29254025993017,4.880545451221964
2006-02-06,54707,0.35081708431243896,0.313504159450531,0.949134349822998,61.40347670316413,23.964026541393242,3.8879850841756998
2006-02-14,54707,0.3578110337257385,0.3203616738319397,0.9536412358283997,60.694243881038986,27.2195514285192,5.472791416089349
2006-02-22,54707,0.22986111044883728,0.17916910350322723,0.9317730069160461,32.73072915714626,8.62229696382547,1.1826640100901165
2006-03-02,54707,0.24324648082256317,0.1850353330373764,0.9204991459846497,36.55108121446981,11.05343009121319,1.4751311532345037
2006-03-10,54707,0.2341153770685196,0.17587469518184662,0.9248126149177551,34.74509660555322,10.075493081324145,1.1278264207505437
2006-03-18,54707,0.2842417061328888,0.22143429517745972,0.9407942295074463,44.75661249931453,16.679766757453343,3.081872520883982
2006-03-26,54707,0.29948440194129944,0.23488900065422058,0.9656890034675598,47.47290109126803,19.322938563620742,3.8569104502166085
2006-04-03,54707,0.21931886672973633,0.15163376927375793,0.9173964262008667,31.412799093351857,9.742811705997404,1.1113751439486719
2006-04-11,54707,0.11042660474777222,0.07966972887516022,0.9162848591804504,7.419525837644176,1.007183724203484,0.1316102144149743
2006-04-19,54707,0.10679208487272263,0.06987714767456055,0.964209794998169,8.15434953479445,1.7182444659732758,0.2796717056318204
2006-04-27,54707,0.09452077001333237,0.057877056300640106,0.9700586199760437,6.940610890745242,1.7712541356681961,0.4935383040561537
2006-05-05,54707,0.1158335879445076,0.07428006082773209,0.9748639464378357,10.410002376295537,2.103935510994937,0.45697991116310527
2006-05-13,54707,0.1496712863445282,0.1024613231420517,0.9899499416351318,16.820516570091577,3.6083133785438792,1.016323322426746
2006-05-21,54707,0.14674951136112213,0.09799917042255402,0.9935325384140015,14.091432540625515,4.171312629096825,1.6030855283601733
2006-05-29,54707,0.10126990079879761,0.06465259194374084,0.9836618304252625,7.181896283839362,2.2903833147494836,1.016323322426746
2006-06-06,54707,0.4577246308326721,0.415077805519104,0.9977754950523376,65.94951285941471,43.537390096331364,26.85762333887802
2006-06-14,54707,0.5190459489822388,0.5271225571632385,0.99788898229599,75.31942895790301,52.428391247920736,31.167857860968436
2006-06-22,54707,0.556649923324585,0.6131815314292908,0.9952446818351746,75.4199645383589,57.67269270842854,39.72069387829711
2006-06-30,54707,0.4940229654312134,0.4701678156852722,0.9958460927009583,68.07538340614546,47.822033743396645,31.939239951011757
2006-07-08,54707,0.5153670310974121,0.49916574358940125,0.9982629418373108,70.64543842652678,49.962527647284624,34.024896265560166
2006-07-16,54707,0.46371710300445557,0.4247375726699829,0.9968763589859009,65.94951285941471,43.93039281993163,27.047726981921876
2006-07-24,54707,0.47431665658950806,0.4442090392112732,0.9950156807899475,65.52360758221069,45.833257170014804,29.55014897545104
2006-08-01,54707,0.4665379524230957,0.4054005444049835,0.9963974356651306,64.14352825049811,42.88116694390114,28.656296269216003
2006-08-09,54707,0.39615923166275024,0.2714442014694214,0.9961035251617432,52.740965507156304,32.48213208547352,23.07931343338147
2006-08-17,54707,0.3676924705505371,0.24884609878063202,0.9950140118598938,49.849196629316175,28.617909956678307,19.779918474783848
2006-08-25,54707,0.36022520065307617,0.2409650981426239,0.9952457547187805,48.62449046739905,27.257937741056903,19.030471420476356
2006-09-02,54707,0.32987087965011597,0.1959235966205597,0.9960148334503174,41.48280841574204,24.470360282961963,17.496846838612974
2006-09-10,54707,0.3557656705379486,0.24985241889953613,0.9962595701217651,49.973495165152535,26.254409856142725,17.50781435648089
2006-09-18,54707,0.3694781959056854,0.2454722374677658,0.996556282043457,49.450710146781944,29.864551154331252,19.95722668031513
2006-09-26,54707,0.30154743790626526,0.14561530947685242,0.9936946034431458,36.75032445573693,23.982305737839766,17.12577915074853
2006-10-04,54707,0.2884522080421448,0.12728196382522583,0.9929733276367188,35.12713181128558,23.101248469117298,16.20267973019906
2006-10-12,54707,0.28177976608276367,0.11877458542585373,0.9923291802406311,34.035863783428084,22.523625861407133,15.581187051017237
2006-10-20,54707,0.2448582500219345,0.08916907012462616,0.9895297884941101,30.049171038441152,19.56970771564882,12.63823642312684
2006-10-28,54707,0.23025964200496674,0.08187045902013779,0.9879148006439209,29.08768530535398,18.273712687590255,10.729888314109711
2006-11-05,54707,0.22251348197460175,0.0837470293045044,0.9865765571594238,29.191876725099164,17.11481163288062,8.870894035498198
2006-11-13,54707,0.19840633869171143,0.06895093619823456,0.9890183210372925,26.972782276491124,14.449704790977389,6.7194326137423
2006-11-21,54707,0.2031211405992508,0.08400565385818481,0.9897184371948242,27.808141554097283,13.815416674282998,5.821924068217961
2006-11-29,54707,0.2090994119644165,0.11670967936515808,0.9837067127227783,30.01078472590345,11.92169192242309,4.1146471201126005
2006-12-07,54707,0.22631633281707764,0.14170514047145844,0.9841129183769226,33.52587420257006,12.970917798453579,4.056153691483722
2006-12-15,54707,0.26972365379333496,0.20501482486724854,0.991295337677002,42.341930648728685,15.39473924726269,4.121958798691209
2006-12-23,54707,0.33930522203445435,0.3047829568386078,0.9904078841209412,59.84243332663096,22.496207066737348,4.622808781325973
2006-12-31,54707,0.36613729596138,0.34544748067855835,0.9819462895393372,67.47582576269947,25.713345641325606,3.9373389145813147
2007-01-05,54707,0.3752135932445526,0.3657304346561432,0.9769277572631836,71.80251156159176,26.294624088325076,3.1769243424059077
2007-01-13,54707,0.4174853265285492,0.4110274314880371,0.9743782877922058,78.91129105964502,33.69221489023342,4.770870272542819
2007-01-21,54707,0.41233009099960327,0.4009209871292114,0.9426996111869812,76.70316412890489,32.7672875500393,5.065165335331859
2007-01-29,54707,0.40640613436698914,0.39103835821151733,0.9263622760772705,73.38183413457145,32.73804083572486,5.573326996545232
2007-02-06,54707,0.3416872024536133,0.3152364492416382,0.9417977929115295,61.7270184802676,21.949659092986273,3.0489699672802386
2007-02-14,54707,0.31492409110069275,0.2777533531188965,0.939419686794281,55.067907214798836,18.765423072001756,2.617580931142267
2007-02-22,54707,0.34257298707962036,0.3024114668369293,0.9592111110687256,58.43676311989326,24.521542033012228,5.4599959785767815
2007-03-02,54707,0.31476500630378723,0.26579248905181885,0.9546172022819519,52.78483557862796,20.523881770157384,4.520445281225437
2007-03-10,54707,0.3700961172580719,0.33385080099105835,0.9636738300323486,61.57712906940611,30.422066645950245,8.545524338750068
2007-03-18,54707,0.3402271270751953,0.29695412516593933,0.9589238166809082,56.72765825214323,25.967426471932292,6.171056720346574
2007-03-26,54707,0.26373395323753357,0.21333301067352295,0.9674361348152161,43.3015884621712,14.078637103112948,2.462207761346811
2007-04-03,54707,0.24338015913963318,0.17707742750644684,0.9462319016456604,37.552781179739334,13.011132030635933,2.752846984846546
2007-04-11,54707,0.1487634778022766,0.10721131414175034,0.944175124168396,15.597638327819109,2.560915422158042,0.23762955380481474
2007-04-19,54707,0.1226048693060875,0.08017975836992264,0.9904700517654419,10.94009907324474,2.32511378799788,0.5392362951724642
2007-04-27,54707,0.17393015325069427,0.10739912837743759,0.9976344108581543,20.847423547260863,6.854698667446579,2.2684482790136546
2007-05-05,54707,0.16402441263198853,0.09622448682785034,0.9958486557006836,17.399967097446396,6.29718317582759,3.1495055477361213
2007-05-13,54707,0.1704624444246292,0.10752569139003754,0.9930857419967651,20.50560257371086,6.169228800701921,2.25748076114574
2007-05-21,54707,0.20863157510757446,0.1455913782119751,0.9945839047431946,29.30886358235692,9.017127607070394,2.860694243881039
2007-05-29,54707,0.3214168846607208,0.25996214151382446,0.9949536919593811,51.55098981848758,22.32621053978467,8.761218856819054
2007-06-06,54707,0.39287301898002625,0.3621493875980377,0.9966700673103333,65.92757782367887,32.626537737401065,12.126418922624161
2007-06-14,54707,0.5230216383934021,0.5307174921035767,0.9980529546737671,76.23156086058457,52.75558886431353,31.04721516442137
2007-06-22,54707,0.5352439880371094,0.5629507303237915,0.9975873231887817,69.63094302374468,53.84868481181567,38.37900085912223
2007-06-30,54707,0.5522049069404602,0.5891610980033875,0.9980000853538513,70.66188970332864,55.225108304238944,40.48110845047252
2007-07-08,54707,0.45395568013191223,0.38719767332077026,0.9970209002494812,63.53483100882885,41.09346153143108,27.139122964154495
2007-07-16,54707,0.4190566837787628,0.3226493299007416,0.9984115362167358,58.25945491436196,35.949695651379166,24.020692050377466
2007-07-24,54707,0.4569694995880127,0.421847403049469,0.9995194673538208,67.81764673624947,42.861059827809974,24.715301515345388
2007-08-01,54707,0.5584840178489685,0.6242039203643799,0.9987170696258545,73.31054526843,58.19730564644379,40.23616721808909
2007-08-09,54707,0.5123008489608765,0.5196539759635925,0.995230495929718,67.66775732538798,51.16895461275522,35.78883872264975
2007-08-17,54707,0.5053970813751221,0.4875003695487976,0.9968907237052917,68.8083791836511,49.08878205714077,33.51490668470214
2007-08-25,54707,0.47375190258026123,0.40549397468566895,0.9954267144203186,65.56382181439304,43.319867658617724,30.10035278849142
2007-09-02,54707,0.48341256380081177,0.4359637200832367,0.9968124032020569,69.30557332699655,44.68897947246239,29.111448260734456
2007-09-10,54707,0.5271437168121338,0.5373235940933228,0.9944314360618591,75.41265285978028,53.26009468623759,32.38159650501764
2007-09-18,54707,0.5472326874732971,0.6023687720298767,0.995283305644989,70.88672381962088,56.02573710859671,40.11004076260807
2007-09-26,54707,0.4723016321659088,0.4319250285625458,0.9961270689964294,61.13111667611092,46.268302045442084,32.85868353227192
2007-10-04,54707,0.41702643036842346,0.3114326000213623,0.9962255954742432,54.63469025901622,39.21618805637304,27.437073866232843
2007-10-12,54707,0.37656304240226746,0.23064100742340088,0.9962968230247498,47.91891348456322,32.114720236898386,23.847039684135485
2007-10-20,54707,0.3696059584617615,0.21443741023540497,0.993557870388031,46.33593507229422,31.66687992395854,23.5161862284534
2007-10-28,54707,0.34153538942337036,0.17201122641563416,0.9946355223655701,42.52655053283858,29.93401210082805,22.088580985979856
2007-11-05,54707,0.3108336925506592,0.14667750895023346,0.9921115636825562,39.367905386879194,26.747948160198874,18.51317016103972
2007-11-13,54707,0.2928554117679596,0.13710300624370575,0.9934862852096558,37.5582649386733,24.600142577732285,15.877310033450929
2007-11-21,54707,0.3050293028354645,0.14523136615753174,0.9942828416824341,39.298444440382404,25.837644177161973,16.719980989635697
2007-11-29,54707,0.30163973569869995,0.17681464552879333,0.9906392097473145,41.197652951176266,24.353373425704206,13.34015756667337
2007-12-07,54707,0.29527467489242554,0.1938188374042511,0.9878184795379639,42.385800720200336,22.48158370958013,10.558063867512384
2007-12-15,54707,0.3057897984981537,0.2239944487810135,0.9924516081809998,46.133035991737806,22.21836328075018,9.055513919608094
2007-12-23,54707,0.3243359625339508,0.2623131573200226,0.991139829158783,51.98969053320416,23.199956129928527,8.02456724002413
2007-12-31,54707,0.34428781270980835,0.29085057973861694,0.9911032915115356,56.910450216608474,23.8963935145411,6.986308881861554
2008-01-05,54707,0.35115575790405273,0.3049452602863312,0.9926537275314331,59.5719012192224,23.967682380682547,6.523845211764491
2008-01-13,54707,0.37107735872268677,0.3414608836174011,0.9860191345214844,66.83788180671579,25.682271007366513,5.449028460708867
2008-01-21,54707,0.3621421456336975,0.33998924493789673,0.9778050184249878,66.7026157530115,23.455864880179867,3.8806734055970895
2008-01-29,54707,0.30551835894584656,0.27372241020202637,0.9760890603065491,55.58155263494616,13.384027638145026,2.2556528415010875
2008-02-06,54707,0.2957473397254944,0.2608281075954437,0.9683669805526733,53.106549436086794,11.751695395470415,1.550075858665253
2008-02-14,54707,0.27704739570617676,0.23633146286010742,0.9696837663650513,46.15679894711828,10.402690697716928,1.2484691172976035
2008-02-22,54707,0.2210472673177719,0.18239597976207733,0.9658835530281067,30.400131610214416,5.412470067815819,0.5611713309082933
2008-03-01,54707,0.24998614192008972,0.20949475467205048,0.9600321054458618,39.50317144058347,8.156177454439103,0.9578298937978686
2008-03-09,54707,0.18432734906673431,0.14908793568611145,0.9562195539474487,21.715685378470763,3.1513334673807742,0.4405286343612335
2008-03-17,54707,0.1521601378917694,0.12045913189649582,0.9379730224609375,14.076809183468294,1.8589942786115123,0.21203867877968083
2008-03-25,54707,0.13377109169960022,0.09810233116149902,0.9399266839027405,11.228910377099822,1.701793189171404,0.23945747344946716
2008-04-02,54707,0.1449964940547943,0.10596045851707458,0.9357761144638062,13.268868700531925,2.3890909755607144,0.31440217888021643
2008-04-10,54707,0.12933187186717987,0.09365838766098022,0.9594611525535583,9.918291991884038,2.1130751092181987,0.4003144021788802
2008-04-18,54707,0.12981408834457397,0.09256452322006226,0.9690755605697632,11.029667135832709,1.904692269727823,0.3911748039556181
2008-04-26,54707,0.11916244775056839,0.07146827131509781,0.9686374664306641,11.243533734257042,2.650483484746011,0.5629992505529458
2008-05-04,54707,0.1293058544397354,0.08264234662055969,0.9364861249923706,12.396951030032719,2.961229824336922,0.6160089202478659
2008-05-12,54707,0.08879287540912628,0.05934014171361923,0.9445340633392334,5.300966969492022,1.177180251156159,0.2924671431443874
2008-05-20,54707,0.10110943764448166,0.07188723981380463,0.9491791725158691,6.317290291918767,1.2173944833385124,0.29612298243369223
2008-05-28,54707,0.14048752188682556,0.0990472286939621,0.9724084734916687,14.011004076260807,3.116602994132378,0.8024567240024129
2008-06-05,54707,0.2470950335264206,0.19923636317253113,0.9957538843154907,39.72617763723107,11.896101047397957,2.8954247171294347
2008-06-13,54707,0.27102285623550415,0.1750510334968567,0.9979397654533386,36.95322353629334,17.964794267643995,9.510665911126546
2008-06-21,54707,0.34792494773864746,0.2784806787967682,0.9951093792915344,54.50673588389054,25.629261337671593,12.532217083736999
2008-06-29,54707,0.3871961832046509,0.30884653329849243,0.9962181448936462,57.563017529749395,32.49127168369679,18.421774178807098
2008-07-07,54707,0.4608078896999359,0.40031206607818604,0.9978491067886353,63.83460983055185,42.956111649331895,27.903193375619207
2008-07-15,54707,0.4870395064353943,0.4658551514148712,0.9961995482444763,70.44253934597036,47.23344361781856,28.468020545816806
2008-07-23,54707,0.4534815549850464,0.42166227102279663,0.9927126169204712,68.06807172756686,43.0365401136966,23.092108870894034
2008-07-31,54707,0.47916725277900696,0.44701915979385376,0.995222270488739,67.84689345056391,45.613906812656516,28.338238251046484
2008-08-08,54707,0.48608675599098206,0.45236706733703613,0.9964308738708496,69.87040049719414,45.59197177692069,28.731240974646756
2008-08-16,54707,0.4787668287754059,0.43896999955177307,0.9981796741485596,71.87928418666716,43.994370007494474,26.35860127588791
2008-08-24,54707,0.4650171399116516,0.42091551423072815,0.9952561259269714,70.41694847094521,42.201180836090444,24.93830771199298
2008-09-01,54707,0.5174932479858398,0.5123504996299744,0.9966442584991455,77.55314676366827,51.34077905935255,28.47350430475076
2008-09-09,54707,0.47623303532600403,0.4191610515117645,0.9966399669647217,66.16520737748368,44.07297055221452,29.73294093991628
2008-09-17,54707,0.4015326201915741,0.2816149592399597,0.9956173896789551,53.02794889136674,35.38852432047087,24.638528890269985
2008-09-25,54707,0.38127976655960083,0.2661556601524353,0.9938650727272034,51.85808031878919,31.91182115634197,21.626117315882794
2008-10-03,54707,0.3462015986442566,0.1937253773212433,0.9943029880523682,43.28330926572468,28.460708867238193,20.434313707569416
2008-10-11,54707,0.3236945569515228,0.16003656387329102,0.9932905435562134,40.155738753724386,26.93074012466412,19.242510099256034
2008-10-19,54707,0.29597464203834534,0.12444768100976944,0.9920164346694946,36.112380499753236,24.70250607783282,17.76372310673223
2008-10-27,54707,0.3057723045349121,0.12967047095298767,0.993306577205658,38.0152448498364,25.7828065878224,18.182316705357632
2008-11-04,54707,0.28924083709716797,0.1186547502875328,0.9934357404708862,36.19098104447328,23.982305737839766,16.40375089111083
2008-11-12,54707,0.27923476696014404,0.1117933839559555,0.9915920495986938,35.36658928473504,23.357157219368638,15.116895461275522
2008-11-20,54707,0.2632223963737488,0.12021185457706451,0.9914306998252869,35.333686731131294,21.172793244008993,11.73341619902389
2008-11-28,54707,0.2522847652435303,0.1233956515789032,0.9913427829742432,34.432522346317654,19.13831867951085,9.375399857422268
2008-12-06,54707,0.24638700485229492,0.13901954889297485,0.987064003944397,35.01197287367248,17.299431516990513,6.905880417496848
2008-12-14,54707,0.24320855736732483,0.15688151121139526,0.9815919399261475,35.89668598168424,15.37097629188221,4.977425192388543
2008-12-22,54707,0.274930477142334,0.20423567295074463,0.9855872392654419,42.555797247153016,16.599338293088636,4.9646297548759755
2008-12-30,54707,0.3003119230270386,0.2489846646785736,0.9853799939155579,49.829089513225,17.76555102637688,3.8751896466631326
2009-01-05,54707,0.3316003680229187,0.2947312295436859,0.987857460975647,57.643445994114096,21.88750982506809,3.9830369056976256
2009-01-13,54707,0.36106765270233154,0.3398224711418152,0.9852780699729919,68.11559763832781,22.713729504450985,2.873489681393606
2009-01-21,54707,0.36255761981010437,0.3447303771972656,0.9825552701950073,70.75876944449521,21.377520244210064,2.4896265560165975
2009-01-29,54707,0.32612916827201843,0.2913825511932373,0.9594695568084717,59.96307602317802,16.648692123494254,1.9997440912497486
2009-02-06,54707,0.31873437762260437,0.278706431388855,0.9487776160240173,56.012941671084135,17.75823934779827,2.343392984444404
2009-02-14,54707,0.30749934911727905,0.2632139027118683,0.9591005444526672,52.63311824812181,17.301259436635167,2.2337178057652585
2009-02-22,54707,0.306815505027771,0.25666505098342896,0.9605483412742615,51.1506754163087,18.878754089970204,2.939294788601093
2009-03-02,54707,0.2953607738018036,0.25057247281074524,0.9596032500267029,50.106933299212166,16.69256219496591,1.9613577787120478
2009-03-10,54707,0.26449424028396606,0.21548326313495636,0.9491814970970154,42.79159888131318,12.005776226077101,1.2338457601403843
2009-03-18,54707,0.27233797311782837,0.22052641212940216,0.9446730613708496,44.40016816860731,13.954338567276583,1.8809293143473411
2009-03-26,54707,0.2500188946723938,0.1893010437488556,0.9533089995384216,38.282121117955654,12.23792202094796,1.6908256713034895
2009-04-03,54707,0.11804356426000595,0.08877669274806976,0.9031203389167786,7.821668159467709,0.9560019741532162,0.06946094649679199
2009-04-11,54707,0.13081030547618866,0.09484196454286575,0.9243528842926025,10.973001626848482,1.8571663589668597,0.1498894108614985
2009-04-19,54707,0.11216338723897934,0.0797959640622139,0.9414116144180298,7.962417972105946,1.350832617398139,0.10601933938984041
2009-04-27,54707,0.11240639537572861,0.0754033625125885,0.9723000526428223,8.47789131189793,2.2428574039885207,0.5045058219240682
2009-05-05,54707,0.12681199610233307,0.08672770112752914,0.9750488996505737,10.682362403348748,2.6066134132743524,0.8408430365401136
2009-05-13,54707,0.14013826847076416,0.09591928124427795,0.95786452293396,14.06584166560038,3.08004460123933,0.8481547151187233
2009-05-21,54707,0.15513360500335693,0.0995386615395546,0.9919969439506531,17.4036229367357,4.99753230847972,1.6268484837406547
2009-05-29,54707,0.24201886355876923,0.1908697932958603,0.988676905632019,37.27859323304148,11.12106311806533,3.4310051730125948
2009-06-06,54707,0.27398186922073364,0.19749493896961212,0.9937001466751099,41.0660427367613,17.301259436635167,7.3409252929241235
2009-06-14,54707,0.31407129764556885,0.2341066300868988,0.9950824975967407,47.36870967152284,21.09419269928894,10.656771528323615
2009-06-22,54707,0.32905113697052,0.23808686435222626,0.9958523511886597,48.00482570786188,23.362640978302593,13.24876158444075
2009-06-30,54707,0.37666401267051697,0.3019729554653168,0.9995998740196228,57.59226424406383,29.259509751951306,16.290419873142376
2009-07-08,54707,0.3938389718532562,0.29844269156455994,0.9993818998336792,54.91801780393734,35.227667391741456,20.947959127716747
2009-07-16,54707,0.35311993956565857,0.2179979830980301,0.9965298771858215,46.45292192955198,29.67627543093206,20.033999305390534
2009-07-24,54707,0.3498566150665283,0.22148463129997253,0.9982966780662537,46.52055495640411,27.808141554097283,19.07982525088197
2009-08-01,54707,0.38546618819236755,0.29309508204460144,0.99945467710495,55.73144204580767,30.522602226406125,19.247993858189993
2009-08-09,54707,0.3932989835739136,0.32079917192459106,0.9983813762664795,59.568245379933096,31.747308388323248,18.50585848246111
2009-08-17,54707,0.4343515932559967,0.40106621384620667,0.9971953630447388,68.90708684446231,38.161478421408596,18.933591679309778
2009-08-25,54707,0.46667155623435974,0.43041661381721497,0.998968243598938,69.73147860420056,43.159010729888315,24.684226881386294
2009-09-02,54707,0.38594701886177063,0.29146265983581543,0.9958947896957397,55.55413384027638,31.81128557588608,19.141974518800154
2009-09-10,54707,0.3680917024612427,0.27240368723869324,0.9939378499984741,53.400844498875834,28.257809786681776,18.056190249876618
2009-09-18,54707,0.3471786677837372,0.2262662649154663,0.995288610458374,46.29572084011187,25.84495585574058,18.132962874952018
2009-09-26,54707,0.3215517997741699,0.18069402873516083,0.9943430423736572,40.23251137879979,24.56906794377319,17.12577915074853
2009-10-04,54707,0.29559117555618286,0.1299140304327011,0.9941171407699585,35.99539364249548,24.01703621108816,17.12577915074853
2009-10-12,54707,0.29362955689430237,0.11474458128213882,0.992811381816864,36.13065969619976,24.66777560458442,17.544372749373938
2009-10-20,54707,0.2603377103805542,0.09819874167442322,0.9921039342880249,31.471292521980732,20.931507850914873,14.60142212148354
2009-10-28,54707,0.2622104585170746,0.09647934883832932,0.9890058040618896,31.840532290200525,20.951614967006048,14.455188549911346
2009-11-05,54707,0.24979232251644135,0.09529279172420502,0.9885922074317932,31.38538029868207,19.7049737693531,12.367704315718282
2009-11-13,54707,0.2324991673231125,0.08478596806526184,0.9862627983093262,30.248414279708264,18.14941415175389,10.062697643811578
2009-11-21,54707,0.22002758085727692,0.08455412834882736,0.9877748489379883,30.29045643153527,16.370848337507084,7.393934962619044
2009-11-29,54707,0.21363306045532227,0.09268280863761902,0.9870598316192627,29.72380134169302,14.844535434222312,6.046758184510209
2009-12-07,54707,0.22230637073516846,0.12340497225522995,0.9854335784912109,31.754620066901857,14.188312281792093,4.92989928162758
2009-12-15,54707,0.2578868269920349,0.17923253774642944,0.9844149351119995,38.713510154093626,14.97066188970333,4.344964995338805
2009-12-23,54707,0.2859615385532379,0.21891775727272034,0.9868669509887695,45.007037490631916,17.504158517191584,4.694097647467417
2009-12-31,54707,0.34074464440345764,0.30159464478492737,0.9881325364112854,59.012557807958764,22.67168735262398,4.758074835030253
2010-01-05,54707,0.374422162771225,0.3555428981781006,0.9889283180236816,68.08269508472408,27.440729705522145,4.542380316961267
2010-01-13,54707,0.39985570311546326,0.39037129282951355,0.9867647886276245,75.03975725227119,30.385508253057196,4.143893834427039
2010-01-21,54707,0.4078995883464813,0.39138951897621155,0.9891647696495056,77.52755588864314,30.513462628182864,4.337653316760195
2010-01-29,54707,0.3908926248550415,0.36137551069259644,0.9906260967254639,72.83163032153107,27.58147951816038,4.675818451020893
2010-02-06,54707,0.36910152435302734,0.3284147083759308,0.9819496273994446,64.93684537627726,25.72614107883817,5.052369897819292
2010-02-14,54707,0.3204208314418793,0.2718193531036377,0.9826085567474365,54.0168534191237,19.836583983768076,3.1714405834719503
2010-02-22,54707,0.29924559593200684,0.24691350758075714,0.9795551896095276,49.48178478074104,18.366936589467528,2.7802657795163324
2010-03-02,54707,0.303789883852005,0.251056432723999,0.9707944989204407,50.18187800464292,19.39057159047288,3.3962746997641986
2010-03-10,54707,0.2730157673358917,0.2167009860277176,0.9646043181419373,43.30524430146051,14.44422103204343,2.2483411629224777
2010-03-18,54707,0.2845165431499481,0.22529566287994385,0.9448188543319702,45.06553091926079,15.369148372237557,2.6120971722083097
2010-03-26,54707,0.25853797793388367,0.19701378047466278,0.9365148544311523,39.41725921728481,12.948982762717751,1.727384064196538
2010-04-03,54707,0.18238340318202972,0.1435488611459732,0.978012204170227,21.340961851317015,3.83497541448078,0.4716032683203247
2010-04-11,54707,0.20626920461654663,0.1398571878671646,0.9828790426254272,26.415266784872138,8.340797338548997,2.3762955380481476
2010-04-19,54707,0.14043691754341125,0.08953507989645004,0.9752117991447449,12.583398833787266,4.100023762955381,1.6835139927248797
2010-04-27,54707,0.30364134907722473,0.20974022150039673,0.9936935305595398,44.754784579669874,22.523625861407133,9.428409527117187
2010-05-05,54707,0.35590073466300964,0.24328379333019257,0.9920571446418762,49.238671468002266,29.985193850878318,18.403494982360574
2010-05-13,54707,0.40368062257766724,0.3195651173591614,0.9963005781173706,57.2632387080264,35.372073043669,21.640740673040014
2010-05-21,54707,0.40555477142333984,0.30034029483795166,0.9954524636268616,55.37134187581114,35.27702122214708,23.713601550075857
2010-05-29,54707,0.46300068497657776,0.41779348254203796,0.9921543002128601,68.63655473705376,42.47902462207762,25.49033944467801
2010-06-06,54707,0.5232436656951904,0.5175354480743408,0.9996763467788696,77.97174036229367,51.817866086606834,28.875646626574298
2010-06-14,54707,0.5204157829284668,0.5177972912788391,0.9970296621322632,73.77483685817171,51.33712322006324,32.129343594055605
2010-06-22,54707,0.538640022277832,0.5538102984428406,0.998197615146637,73.43484380426636,53.78470762425284,35.717549856508306
2010-06-30,54707,0.49953243136405945,0.48232555389404297,0.9970465302467346,70.09889045277569,48.76158444074798,30.239274681485
2010-07-08,54707,0.48906075954437256,0.46816307306289673,0.9964703321456909,69.70405980953078,47.39795638583728,28.859195349772428
2010-07-16,54707,0.47715112566947937,0.4433455169200897,0.9943453669548035,68.49032116548156,45.49326411610946,27.809969473741937
2010-07-24,54707,0.47452354431152344,0.42977747321128845,0.9956526756286621,67.43195569122781,44.151571096934575,27.773411080848888
2010-08-01,54707,0.47215092182159424,0.43235304951667786,0.9977019429206848,67.9437731917305,44.3197397042426,27.44438554481145
2010-08-09,54707,0.4649137556552887,0.41340890526771545,0.9944247007369995,66.92379403001443,42.68557954192333,26.84117206207615
2010-08-17,54707,0.4774441719055176,0.43231356143951416,0.996161937713623,69.38600179136125,43.83351307876506,27.585135357449687
2010-08-25,54707,0.4863860607147217,0.43115511536598206,0.9969035983085632,70.73317856947008,44.354470177490995,28.78790648363098
2010-09-02,54707,0.46109282970428467,0.39131462574005127,0.995537281036377,66.64960608331658,40.766263915038294,26.698594329793263
2010-09-10,54707,0.43985113501548767,0.34729182720184326,0.9956328272819519,60.5516661487561,38.804906136326245,26.40247134735957
2010-09-18,54707,0.43370479345321655,0.3383699655532837,0.9948364496231079,58.873635914965185,38.59652329683587,26.247098177564116
2010-09-26,54707,0.4157542288303375,0.30291467905044556,0.995846688747406,54.67673241084322,37.315151625934526,25.99667318624673
2010-10-04,54707,0.37566736340522766,0.2299019694328308,0.9959902167320251,48.47460105653755,34.050487140585304,23.914672710987624
2010-10-12,54707,0.3750966191291809,0.22578328847885132,0.9967676401138306,48.19127351161643,34.49284369459119,24.494123238342443
2010-10-20,54707,0.34481480717658997,0.1797882616519928,0.9958251714706421,44.21920412378672,30.996033414371105,21.838155994662475
2010-10-28,54707,0.3176542818546295,0.15138396620750427,0.9936336278915405,40.932604602701666,27.71674557186466,19.163909554535984
2010-11-05,54707,0.298709899187088,0.13776570558547974,0.9926056861877441,39.41908713692946,25.592702944778544,16.9119125523242
2010-11-13,54707,0.28344544768333435,0.1342560052871704,0.9900296330451965,38.13771546602812,23.766611219770777,14.376588005191293
2010-11-21,54707,0.27455466985702515,0.14644040167331696,0.9877347350120544,38.2766373590217,22.075785548467287,11.238049975323085
2010-11-29,54707,0.27366870641708374,0.16208197176456451,0.987937867641449,38.38814045734549,20.6883945381761,9.53625678615168
2010-12-07,54707,0.2818288505077362,0.19416525959968567,0.9872298836708069,41.855704023251135,19.19864002778438,7.737583855813698
2010-12-15,54707,0.33359071612358093,0.26770687103271484,0.9910982251167297,53.157731186137056,23.399199371195643,8.772186374686969
2010-12-23,54707,0.35813894867897034,0.3106552064418793,0.9907293915748596,60.50048439870584,25.508618641124535,8.582082731643117
2010-12-31,54707,0.3869558870792389,0.3555488586425781,0.9922324419021606,67.17604694097648,29.5209022611366,8.307894784945253
2011-01-05,54707,0.39943090081214905,0.377684623003006,0.9937543272972107,70.57232164074068,31.644944888222714,7.571243168150328
2011-01-13,54707,0.4026246964931488,0.383802205324173,0.9945365190505981,72.01089440108213,32.08364560293929,7.026523114043906
2011-01-21,54707,0.4032648205757141,0.39159318804740906,0.9946516752243042,73.48419763467197,31.75644798654651,6.132670407808873
2011-01-29,54707,0.3882564604282379,0.3709470331668854,0.9863533973693848,74.53159559105782,26.407955106293528,4.162173030873563
2011-02-06,54707,0.37192055583000183,0.3397233486175537,0.9637150764465332,70.1409326046027,23.686182755406072,3.8495987716379987
2011-02-14,54707,0.33772704005241394,0.29170313477516174,0.9603751301765442,58.9997623704462,20.012064269654704,3.4968102802200813
2011-02-22,54707,0.28803783655166626,0.24101561307907104,0.9501969814300537,48.12729632405359,14.614217558996106,1.9869486537371817
2011-03-02,54707,0.26880180835723877,0.218349888920784,0.940985918045044,43.70921454292869,13.363920522053851,1.9302831447529565
2011-03-10,54707,0.2772771418094635,0.2241559475660324,0.9462689757347107,44.9613394995156,14.643464273310544,2.553603743579432
2011-03-18,54707,0.24528071284294128,0.19012388586997986,0.9432013034820557,37.068382473906446,10.607417697917999,1.7712541356681961
2011-03-26,54707,0.16466128826141357,0.12494873255491257,0.9814414978027344,17.1001882757234,3.063593324437458,0.40945400040214236
2011-04-03,54707,0.13206441700458527,0.10116009414196014,0.9916248917579651,9.750123384576014,1.5665271354671249,0.37837936644305115
2011-04-11,54707,0.1401170939207077,0.10279242694377899,0.9834158420562744,11.830295940190469,2.4146818505858483,0.4770870272542819
2011-04-19,54707,0.11016228049993515,0.0800655409693718,0.9815451502799988,7.0448023104904305,1.5939459301369112,0.43138903613797136
2011-04-27,54707,0.10559923946857452,0.07094812393188477,0.9849914908409119,7.392107042974391,1.919315626885042,0.41310983969144716
2011-05-05,54707,0.09470769762992859,0.06332837045192719,0.9840754866600037,5.977297238013417,1.3618001352660538,0.35096057177326484
2011-05-13,54707,0.09587700664997101,0.0588044673204422,0.990041971206665,6.799861078107007,1.9266273054636518,0.6269764381157805
2011-05-21,54707,0.14227984845638275,0.09091730415821075,0.9916239380836487,16.078381194362695,3.7618586286946822,1.0218070813607034
2011-05-29,54707,0.2378554344177246,0.1492375135421753,0.9981605410575867,33.07620596998556,14.767762809146909,6.430621309887218
2011-06-06,54707,0.3117906153202057,0.2167670726776123,0.9988781809806824,45.11488474966641,23.015336245818634,12.466411976529512
2011-06-14,54707,0.34208306670188904,0.24394023418426514,0.9971866011619568,49.178350119728734,26.426234302740053,15.509898184875793
2011-06-22,54707,0.33301815390586853,0.21427227556705475,0.9978011250495911,44.972307017383514,25.532381596505015,16.79858153435575
2011-06-30,54707,0.4246410131454468,0.36900874972343445,0.9999904632568359,65.06662767104758,36.501727384064196,20.2350704663023
2011-07-08,54707,0.42310336232185364,0.3516474664211273,0.9983572363853455,59.968559782111974,38.36254958232036,23.167053576324783
2011-07-16,54707,0.4007483124732971,0.3451225757598877,0.9928832054138184,60.78563986327161,35.368417204379696,18.46747216992341
2011-07-24,54707,0.43833762407302856,0.39128926396369934,0.9966543912887573,64.7778163671925,39.94370007494471,22.51448626318387
2011-08-01,54707,0.36924120783805847,0.27433034777641296,0.9969677329063416,53.43191913283491,28.776938965763065,17.838667812162978
2011-08-09,54707,0.4333786070346832,0.37313583493232727,0.9966666102409363,65.11598150145319,37.49977151004442,21.62428939623814
2011-08-17,54707,0.4464253783226013,0.40050673484802246,0.9969244599342346,68.21613321878371,39.316723636828925,22.103204343137076
2011-08-25,54707,0.4592854380607605,0.4196389615535736,0.9980165958404541,69.63277094338933,41.62904198731424,23.39005977297238
2011-09-02,54707,0.38736286759376526,0.29989057779312134,0.9954234957695007,56.89948269874057,30.7657155391449,18.997568866872612
2011-09-10,54707,0.3492962718009949,0.22161255776882172,0.9944062232971191,46.48582448315572,27.614382071764126,18.940903357888388
2011-09-18,54707,0.3405996561050415,0.2238527089357376,0.9944918155670166,46.19335734001133,25.993017346957426,17.270184802676074
2011-09-26,54707,0.3413495123386383,0.20342227816581726,0.994454562664032,43.89566234668324,26.532253642129895,18.56252399144534
2011-10-04,54707,0.28878092765808105,0.12579096853733063,0.9927737712860107,35.063154623722745,23.08662511196008,16.506114391211362
2011-10-12,54707,0.2650258541107178,0.101915642619133,0.9898410439491272,32.24633045131336,21.574935565832526,15.157109693457876
2011-10-20,54707,0.24239444732666016,0.08808298408985138,0.9841257333755493,29.778638931032592,19.717769206865665,12.906940610890747
2011-10-28,54707,0.2373698651790619,0.08745142072439194,0.9824990034103394,30.44217376204142,18.92810792037582,11.36966018973806
2011-11-05,54707,0.22292348742485046,0.08279810100793839,0.9817666411399841,29.045643153526974,17.368892463487303,9.33152978595061
2011-11-13,54707,0.21788081526756287,0.08625788986682892,0.9850035309791565,29.199188403677773,16.071069515784085,7.657155391448992
2011-11-21,54707,0.2042146772146225,0.08759834617376328,0.9850112795829773,28.5374814923136,13.736816129562946,5.659239219843895
2011-11-29,54707,0.20993976294994354,0.10424397885799408,0.9837252497673035,29.63423327910505,13.354780923830589,5.092584130001645
2011-12-07,54707,0.2323940396308899,0.14623354375362396,0.982055127620697,33.19319282724331,13.457144423931124,4.22797813808105
2011-12-15,54707,0.2714976668357849,0.20658861100673676,0.9779493808746338,43.2632021496335,16.51890982872393,4.008627780722759
2011-12-23,54707,0.3330097198486328,0.2919471263885498,0.9869747161865234,56.797119198640026,22.40663900414938,4.99022062990111
2011-12-31,54707,0.37180349230766296,0.3384478688240051,0.9890457391738892,65.22017292119838,27.672875500393,6.430621309887218
2012-01-05,54707,0.3627728819847107,0.3435709476470947,0.9838036894798279,67.27658252143236,24.442941488292174,3.9318551556473578
2012-01-13,54707,0.38073644042015076,0.36661821603775024,0.9819117784500122,72.71281554462867,26.0441990970077,3.2792878425064433
2012-01-21,54707,0.3678886294364929,0.3480615019798279,0.9588066339492798,71.49907690057945,22.602226406127187,2.7747820205823754
2012-01-29,54707,0.36696138978004456,0.34080177545547485,0.9558054208755493,68.33860383497542,24.574551702707147,3.6887418429085854
2012-02-06,54707,0.34895017743110657,0.3152068555355072,0.9542081356048584,62.50936808817884,22.80878132597291,3.2299340121008284
2012-02-14,54707,0.35486382246017456,0.3125855624675751,0.9663346409797668,60.18059846089165,26.206883945381758,4.995704388835067
2012-02-22,54707,0.3347012400627136,0.2860008776187897,0.9568358659744263,55.696711572559266,23.88725391631784,4.615497102747363
2012-03-01,54707,0.2794194519519806,0.22133025527000427,0.946964681148529,44.9229531869779,15.685378470762426,2.0490979216553638
2012-03-09,54707,0.2290353626012802,0.18306362628936768,0.9247300028800964,35.70109857970644,8.0026322042883,0.6251485184711281
2012-03-17,54707,0.262005090713501,0.20538346469402313,0.9443273544311523,41.11905240645621,12.852103021551173,1.7730820553128486
2012-03-25,54707,0.2639901041984558,0.212393656373024,0.9326685070991516,42.087849818121995,12.331145922825232,1.3179300637943956
2012-04-02,54707,0.20512862503528595,0.14968131482601166,0.9021559953689575,29.445957555705853,7.3208181768329466,0.5703109291315553
2012-04-10,54707,0.11401011794805527,0.09035135805606842,0.9621065258979797,6.364816202679731,0.6196647595371707,0.09139598223262106
2012-04-18,54707,0.11479692161083221,0.08327493816614151,0.9884479641914368,8.051986034693915,1.177180251156159,0.18279196446524212
2012-04-26,54707,0.1248273029923439,0.08516664057970047,0.9907509684562683,10.731716233754364,2.140493903887985,0.5118175005026779
2012-05-04,54707,0.19848547875881195,0.11342927068471909,0.9953392744064331,24.65680808671651,10.24548960827682,4.6813022099548505
2012-05-12,54707,0.22810623049736023,0.13819384574890137,0.9933486580848694,29.33445445738205,13.049518343173633,6.5457802475003195
2012-05-20,54707,0.2776172459125519,0.20854909718036652,0.9909844398498535,41.93064872868189,16.38364377501965,7.185552123128668
2012-05-28,54707,0.2170143574476242,0.1512586772441864,0.9715290069580078,28.82446487652403,10.830423894565595,3.8294916555468217
2012-06-05,54707,0.3961958587169647,0.37908971309661865,0.9921310544013977,70.04953662237008,32.28106092456176,10.188824099292596
2012-06-13,54707,0.4117439091205597,0.3657645881175995,0.9921911358833313,65.49070502860694,34.97541448077943,17.006964373846127
2012-06-21,54707,0.4560125768184662,0.4161820709705353,0.9951221346855164,67.07733928016525,42.74224505090756,24.43928564900287
2012-06-29,54707,0.5195849537849426,0.525220513343811,0.9970988035202026,70.08975085455243,51.658837077522065,34.831008828851886
2012-07-07,54707,0.4674152731895447,0.4328663945198059,0.9959225654602051,66.4759537170746,44.74016122251266,27.75330396475771
2012-07-15,54707,0.4767654240131378,0.44624146819114685,0.9955618381500244,68.01140621858262,45.56272506260625,27.89039793810664
2012-07-23,54707,0.49575722217559814,0.48136481642723083,0.9972842931747437,68.26183120990001,48.67384429780467,31.582795620304534
2012-07-31,54707,0.45099446177482605,0.385772705078125,0.9963977336883545,63.74869760725318,40.7351892810792,25.945491436196466
2012-08-08,54707,0.42640602588653564,0.34281304478645325,0.997899055480957,60.010601933938986,36.99892152740966,23.589303014239494
2012-08-16,54707,0.42040976881980896,0.3372834026813507,0.9972291588783264,60.61564333631894,35.24229074889868,22.320726780850713
2012-08-24,54707,0.4235074818134308,0.32629919052124023,0.9969822764396667,59.3415833439962,35.93324437457729,24.15047434514779
2012-09-01,54707,0.4187205135822296,0.3194079101085663,0.9958850741386414,59.2648107189208,34.77982707880162,23.24017036211088
2012-09-09,54707,0.3659328520298004,0.23798933625221252,0.9961699843406677,48.49653609227339,29.473376350375634,20.15098616264829
2012-09-17,54707,0.36377590894699097,0.23814910650253296,0.9958821535110474,48.60072751201857,29.18090920723125,19.898733251686256
2012-09-25,54707,0.3553670048713684,0.21067865192890167,0.9953866600990295,45.60476721443326,29.705522145246494,20.352057323560054
2012-10-03,54707,0.3585827946662903,0.20062462985515594,0.995559573173523,45.42745900890197,30.82238104812912,21.691922423090283
2012-10-11,54707,0.35316404700279236,0.17675593495368958,0.9966551065444946,44.30511634708538,31.028935967974846,22.382876048768896
2012-10-19,54707,0.3016904294490814,0.12015819549560547,0.9930952191352844,38.21997185003747,25.90527720401411,18.160381669621803
2012-10-27,54707,0.2756924331188202,0.10333706438541412,0.9893803596496582,35.09788509697114,23.150602299522912,16.00709232822125
2012-11-04,54707,0.2608831226825714,0.09412119537591934,0.9894796013832092,33.33759847917086,21.384831922788674,14.383899683769902
2012-11-12,54707,0.2573961615562439,0.09785003215074539,0.9882282614707947,34.108980569214175,20.973550002741877,12.969089878808928
2012-11-20,54707,0.2317522019147873,0.09224789589643478,0.986485481262207,31.36527318259089,17.853291169320194,9.69345787559179
2012-11-28,54707,0.22684252262115479,0.09817143529653549,0.9859523773193359,31.683331200760417,16.96309430237447,8.030050998958085
2012-12-06,54707,0.23312781751155853,0.13217762112617493,0.9811075925827026,33.25717001480615,15.740216060101996,6.01751147019577
2012-12-14,54707,0.2491399198770523,0.16414980590343475,0.9874100089073181,37.05558703639388,15.935803462079805,5.458168058932129
2012-12-22,54707,0.29825490713119507,0.23967008292675018,0.9890919923782349,48.189445591971776,18.58811486647047,5.576982835834537
2012-12-30,54707,0.35764843225479126,0.3235393166542053,0.9933580756187439,62.92065000822564,24.93830771199298,5.7835377556802605
2013-01-05,54707,0.3658856749534607,0.3394543528556824,0.988701343536377,66.51068419032299,25.14303471219405,5.229678103350577
2013-01-13,54707,0.40665674209594727,0.3996894061565399,0.9850446581840515,75.06352020765166,32.91169320196684,5.183980112234266
2013-01-21,54707,0.4249647855758667,0.41345083713531494,0.989446222782135,81.45941104429049,33.244374577293584,4.663023013508326
2013-01-29,54707,0.415347158908844,0.4009315073490143,0.9751371145248413,80.05191291790813,31.237318807465225,4.5679711919864
2013-02-06,54707,0.35691753029823303,0.32754141092300415,0.9851992130279541,67.84689345056391,21.202039958323432,2.5682271007366517
2013-02-14,54707,0.32511040568351746,0.2790074646472931,0.9726626873016357,55.40424442941488,20.01572010894401,3.165956824537993
2013-02-22,54707,0.2804730534553528,0.22777201235294342,0.9785231351852417,45.7875591788985,15.347213336501728,2.292211234394136
2013-03-02,54707,0.269722044467926,0.21122682094573975,0.9717579483985901,42.8098780777597,14.279708264024713,2.6230646900762244
2013-03-10,54707,0.2870662808418274,0.2300695925951004,0.9767577052116394,46.47668488493245,16.62492916811377,3.08004460123933
2013-03-18,54707,0.2867203950881958,0.2281939834356308,0.9550971984863281,45.75831246458406,15.935803462079805,2.716288591953498
2013-03-26,54707,0.19769425690174103,0.15100674331188202,0.9188371896743774,26.36225711517722,4.924415522693622,0.3454768128393076
2013-04-03,54707,0.24254116415977478,0.18037015199661255,0.9290605187416077,36.79785036649788,11.450088654102766,1.5866342515583016
2013-04-11,54707,0.17619895935058594,0.12485963851213455,0.9033768177032471,21.920412378671834,4.547864075895223,0.24128539309411956
2013-04-19,54707,0.10256831347942352,0.07550408691167831,0.8849076628684998,6.105251613139086,0.776865848977279,0.05300966969492021
2013-04-27,54707,0.11720353364944458,0.08025744557380676,0.9250283241271973,9.640448205896869,1.6012576087155208,0.16085692872941307
2013-05-05,54707,0.10205356776714325,0.06692523509263992,0.9882595539093018,7.763174730838833,1.7365236624198002,0.24494123238342444
2013-05-13,54707,0.26253068447113037,0.20097750425338745,0.9959349632263184,40.991098031330544,14.855502952090227,4.112819200467947
2013-05-21,54707,0.37925755977630615,0.30346569418907166,0.9926294088363647,56.53755460909938,32.132999433344914,17.030727329226607
2013-05-29,54707,0.3876988887786865,0.27881407737731934,0.9960898160934448,53.3405231506023,32.71244996069973,21.34644561025097
2013-06-06,54707,0.3521730601787567,0.2152845412492752,0.9969710111618042,45.32326758915678,28.18652092054033,19.77260679620524
2013-06-14,54707,0.38199955224990845,0.2634720504283905,0.9963680505752563,51.63141828285228,31.88440236167218,21.52375381578226
2013-06-22,54707,0.32913848757743835,0.20319558680057526,0.9946188926696777,42.886650702835105,24.737236551081214,17.378032061710567
2013-06-30,54707,0.3920130431652069,0.2943861782550812,0.9980441331863403,56.139068126565164,30.71270586944998,20.21861918950043
2013-07-08,54707,0.40863269567489624,0.3262157440185547,0.9970719814300537,59.24470360282962,34.44531778383022,20.690222457820752
2013-07-16,54707,0.4093414545059204,0.3527384400367737,0.997870922088623,62.16754711462884,35.234979070320065,18.818432741696675
2013-07-24,54707,0.40776604413986206,0.35696089267730713,0.9974797368049622,62.13830040031441,35.081433820169266,18.54241687535416
2013-08-01,54707,0.40097153186798096,0.3271636962890625,0.9962563514709473,59.91189427312775,32.452885371159084,18.772734750580362
2013-08-09,54707,0.41693004965782166,0.353976845741272,0.996579110622406,64.64803407242218,33.68307529201016,19.056062295501487
2013-08-17,54707,0.43204864859580994,0.3941578269004822,0.9952474236488342,70.13544884566875,35.79249456193906,17.851463249675543
2013-08-25,54707,0.4054127633571625,0.34967702627182007,0.9960213303565979,65.4578024750032,30.52077430676147,17.186100499022064
2013-09-02,54707,0.3996358811855316,0.3271573781967163,0.9981247782707214,61.397992944230175,30.277660994022703,18.4985468038825
2013-09-10,54707,0.3647993803024292,0.2606131434440613,0.9972323775291443,51.424863363006565,27.8227649112545,18.070813607033834
2013-09-18,54707,0.3247440755367279,0.1954663246870041,0.9960189461708069,42.146343246750874,24.05542252362586,16.83696784689345
2013-09-26,54707,0.3001546263694763,0.1559782326221466,0.9966551065444946,36.45968523223719,22.730180781252855,16.493318953698797
2013-10-04,54707,0.2795085608959198,0.12183487415313721,0.9960130453109741,33.229751220136365,21.59869852121301,15.652475917158682
2013-10-12,54707,0.27651721239089966,0.11231911927461624,0.9959275126457214,34.6116584714936,22.048366753797502,15.296031586451459
2013-10-20,54707,0.261900931596756,0.09715712815523148,0.993874728679657,31.89171404025079,20.58785895772022,14.71475313945199
2013-10-28,54707,0.2578963041305542,0.10095880925655365,0.9917723536491394,32.12020399583234,20.163781600160856,13.52843329007257
2013-11-05,54707,0.2350827157497406,0.08172950893640518,0.9905794262886047,30.82238104812912,18.58080318789186,11.302027162885919
2013-11-13,54707,0.23318293690681458,0.081578329205513,0.9895328283309937,30.566472297877784,18.217047178606027,10.607417697917999
2013-11-21,54707,0.22176814079284668,0.08942659944295883,0.9896949529647827,30.43486208346281,16.272140676695855,7.8637103112947155
2013-11-29,54707,0.22258010506629944,0.1072189137339592,0.9901646971702576,31.078289798380464,15.259473193558412,6.38675123841556
2013-12-07,54707,0.21281665563583374,0.10820966213941574,0.9869624972343445,29.69638254702323,13.839179629663482,5.430749264262343
2013-12-15,54707,0.2672191560268402,0.19015103578567505,0.9903338551521301,40.49207596834043,16.681594677097994,5.635476264463414
2013-12-23,54707,0.3064401149749756,0.250558465719223,0.9886600971221924,50.092309942054946,19.405194947630104,5.489242692891221
2013-12-31,54707,0.34777650237083435,0.3084549307823181,0.9902549386024475,58.83342168278283,25.23260277478202,5.9151479700952345
2014-01-05,54707,0.3468343913555145,0.3136228919029236,0.9915834069252014,60.81854241687535,23.093936790538688,5.026779022794158
2014-01-13,54707,0.35576674342155457,0.3392277657985687,0.9859446287155151,66.37359021697407,22.2329866379074,3.3103624764655346
2014-01-21,54707,0.3450659215450287,0.31827306747436523,0.9764378666877747,67.0791671998099,17.76006726744292,2.239201564699216
2014-01-29,54707,0.322526752948761,0.2842838764190674,0.9626448750495911,57.43140731533442,17.63759665125121,2.434788966677025
2014-02-06,54707,0.3037601411342621,0.26117268204689026,0.96659255027771,52.29312519421646,16.144186301570183,2.1606010199791617
2014-02-14,54707,0.29542747139930725,0.24477209150791168,0.9597480893135071,49.00469775348676,16.28493611420842,2.571882940025956
2014-02-22,54707,0.2677629292011261,0.2204013168811798,0.9569289088249207,43.979746650337255,12.793609592922294,1.5756667336903871
2014-03-02,54707,0.26970118284225464,0.21845431625843048,0.9714656472206116,43.849964355566925,13.28714789697845,1.8955526715045607
2014-03-10,54707,0.27428075671195984,0.21747541427612305,0.9659954905509949,43.820717641252486,14.535617014276053,2.6066134132743524
2014-03-18,54707,0.3038240969181061,0.24739183485507965,0.9568476676940918,49.53845028972526,19.324766483265396,4.277331968486665
2014-03-26,54707,0.25645455718040466,0.19726727902889252,0.969990611076355,39.24360685104283,11.793737547297422,2.0125395287623156
2014-04-03,54707,0.19921070337295532,0.14504705369472504,0.9297330975532532,25.940007677262507,6.096112014915824,0.7110607417697917
2014-04-11,54707,0.11418156325817108,0.08173294365406036,0.9390439391136169,7.781453927285356,1.4550240371433272,0.2248341162922478
2014-04-19,54707,0.12145216763019562,0.07902958244085312,0.950351893901825,10.868810207103294,2.2629645200796973,0.2888113038550825
2014-04-27,54707,0.14547216892242432,0.09008857607841492,0.946077823638916,15.961394337104942,4.259052772040141,0.6580510720748717
2014-05-05,54707,0.08953384310007095,0.06379612535238266,0.9617567658424377,4.606357504524101,1.0144954027820938,0.19558740197780905
2014-05-13,54707,0.14549656212329865,0.10303618758916855,0.9930778741836548,15.586670809951194,3.220794413877566,0.590418045222732
2014-05-21,54707,0.18361034989356995,0.1185351014137268,0.9955167174339294,23.640484764289763,7.677262507540168,2.4548960827682014
2014-05-29,54707,0.2077997326850891,0.1445886790752411,0.9909040331840515,28.30350777779809,9.432065366406492,3.2079989763649985
2014-06-06,54707,0.2537650763988495,0.19090639054775238,0.9937425255775452,38.72447767196154,13.943371049408668,4.995704388835067
2014-06-14,54707,0.31442928314208984,0.232705757021904,0.9954668283462524,47.114628840916154,21.57859140512183,11.280092127150091
2014-06-22,54707,0.33808690309524536,0.2707391083240509,0.994132936000824,53.50686383826567,23.845211764490834,11.48299120770651
2014-06-30,54707,0.3838266134262085,0.3241380453109741,0.9918248057365417,59.47502147805582,31.77107134370373,15.97601769426216
2014-07-08,54707,0.4219819903373718,0.3822225034236908,0.9949060678482056,63.414188312281794,39.1869413420586,20.260661341327435
2014-07-16,54707,0.4302142858505249,0.385115385055542,0.9962129592895508,62.571517356097026,40.30014440565193,22.795985888460343
2014-07-24,54707,0.3557569086551666,0.2796079218387604,0.9933237433433533,53.9821229458753,27.86480706308151,15.0254994790429
2014-08-01,54707,0.36680325865745544,0.2864653468132019,0.99378502368927,55.406072349059535,27.257937741056903,16.215475167711627
2014-08-09,54707,0.36835891008377075,0.2920720875263214,0.9942785501480103,56.18476611768146,27.363957080446745,15.745699819035956
2014-08-17,54707,0.4180673658847809,0.3694375157356262,0.9974640607833862,66.93841738717165,34.1619902389091,17.385343740289176
2014-08-25,54707,0.44006845355033875,0.38781121373176575,0.9929102063179016,67.52700751274973,38.33878662693988,21.145374449339208
2014-09-02,54707,0.4466886818408966,0.3952747881412506,0.9965533018112183,64.42319995612993,41.031312263512895,23.973166139616502
2014-09-10,54707,0.391390860080719,0.3045732080936432,0.9960447549819946,57.06399546675927,31.739996709744638,19.125523241998284
2014-09-18,54707,0.3559512197971344,0.24579782783985138,0.9941204190254211,49.39038879850842,27.418794669786315,17.93920339261886
2014-09-26,54707,0.3948650658130646,0.27661004662513733,0.9967100620269775,52.50881971228545,34.56413256073263,23.106732228051253
2014-10-04,54707,0.38436880707740784,0.2469136267900467,0.9957732558250427,49.77790776317473,35.52013453488584,24.442941488292174
2014-10-12,54707,0.3096039295196533,0.14383406937122345,0.9932750463485718,39.85230409271208,26.263549454365986,18.063501928455224
2014-10-20,54707,0.2675665318965912,0.11231399327516556,0.9864186644554138,34.29908421225803,21.702889940958194,14.431425594530864
2014-10-28,54707,0.25806260108947754,0.10619547218084335,0.9882057905197144,32.714277880344376,20.59517063629883,13.588754638346098
2014-11-05,54707,0.24590882658958435,0.09979448467493057,0.9888778328895569,31.51333467380774,19.204123786718334,12.053302136838065
2014-11-13,54707,0.2281600534915924,0.10885624587535858,0.9810715317726135,31.64311696857806,16.69987387354452,8.10133986509953
2014-11-21,54707,0.22013364732265472,0.11276202648878098,0.9873332977294922,31.041731405487415,15.049262434423383,6.408686274151389
2014-11-29,54707,0.21925482153892517,0.12394855171442032,0.978577733039856,31.716233754364158,13.775202442100646,5.1163470853821265
2014-12-07,54707,0.23920953273773193,0.16345210373401642,0.9741748571395874,37.08483375070832,14.10971173707204,4.4217376204142065
2014-12-15,54707,0.26220205426216125,0.2082691490650177,0.9704561233520508,42.5868718811121,13.994552799458937,3.2920832800190105
2014-12-23,54707,0.3268420398235321,0.286618709564209,0.984307050704956,56.3639022428574,21.271500904820222,4.979253112033195
2014-12-31,54707,0.35289648175239563,0.32289841771125793,0.9893838763237,62.56968943645237,24.210795693421318,4.8969967280238365
2015-01-05,54707,0.3667058050632477,0.33838847279548645,0.9870312809944153,65.4578024750032,26.47010437421171,4.503994004423566
2015-01-13,54707,0.38103076815605164,0.3606368899345398,0.984150767326355,72.70002010711609,25.559800391174804,3.83497541448078
2015-01-21,54707,0.36578914523124695,0.3364565074443817,0.9741789102554321,69.38965763065056,22.63330104008628,3.886157164531047
2015-01-29,54707,0.35312601923942566,0.31186020374298096,0.9718501567840576,63.43795126766227,22.291480066536277,4.032390736103241
2015-02-06,54707,0.3361230492591858,0.2843197286128998,0.9612419009208679,56.39497687681649,22.521797941762483,4.675818451020893
2015-02-14,54707,0.33458927273750305,0.2842414975166321,0.9634828567504883,55.839289304842154,23.243826201400186,4.838503299394958
2015-02-22,54707,0.26553893089294434,0.21283428370952606,0.9572609663009644,42.473540863143654,12.621785146324967,1.6999652695267518
2015-03-02,54707,0.2379346787929535,0.17986832559108734,0.9277032017707825,35.125303891640925,10.046246367009706,1.4605077960772843
2015-03-10,54707,0.2837013006210327,0.21737073361873627,0.9560900330543518,43.63792567678725,16.478695596541577,3.776481985851902
2015-03-18,54707,0.28232821822166443,0.2173174023628235,0.9590852856636047,43.70190286435008,16.325150346390775,3.5077777980879956
2015-03-26,54707,0.3140975832939148,0.25093719363212585,0.9612489342689514,50.14714753139452,21.07042974390846,5.54225236258614
2015-04-03,54707,0.14535748958587646,0.11487802118062973,0.9463599920272827,13.621657191949843,1.3471767781088344,0.12064269654705978
2015-04-11,54707,0.10410794615745544,0.07757533341646194,0.9574064612388611,6.079660738113953,0.8536384740526806,0.2102107591350284
2015-04-19,54707,0.10528992116451263,0.07608917355537415,0.9646179676055908,6.518361452830533,1.1607289743542875,0.27601586634251557
2015-04-27,54707,0.15158118307590485,0.09089218825101852,0.9929106831550598,17.747271829930355,4.7928053082786475,1.519001224706162
2015-05-05,54707,0.20692475140094757,0.14336562156677246,0.9933393597602844,29.827992761438203,9.081104794633228,2.5627433418026944
2015-05-13,54707,0.27132946252822876,0.19917543232440948,0.9909101128578186,40.90335788838723,16.453104721516443,6.83276363171075
2015-05-21,54707,0.23673050105571747,0.1590547114610672,0.9925629496574402,33.44544573820535,13.448004825707862,5.562359478677317
2015-05-29,54707,0.31126904487609863,0.2401110976934433,0.9958996176719666,48.280841574204395,20.50560257371086,10.194307858226551
2015-06-06,54707,0.3963804841041565,0.3412235379219055,0.995682954788208,61.38702542636225,34.235107024695196,17.032555248871258
2015-06-14,54707,0.4662724435329437,0.4371292293071747,0.9977916479110718,69.88685177399601,44.4348986418557,24.609282175955546
2015-06-22,54707,0.4491376578807831,0.39218413829803467,0.9987988471984863,62.57334527574167,42.301716416546334,26.431718061674008
2015-06-30,54707,0.4121073782444,0.3350706100463867,0.9980775117874146,58.63600636116036,36.65710055385965,22.278684629023708
2015-07-08,54707,0.4005364179611206,0.30809783935546875,0.9969006776809692,56.060467581845096,34.6920869358583,21.942347414407664
2015-07-16,54707,0.41324955224990845,0.3563379943370819,0.9977636337280273,61.69777176595317,35.80894583874093,19.801853510519678
2015-07-24,54707,0.43712180852890015,0.39023852348327637,0.998088538646698,65.09039062642806,39.15403878845486,21.48719542288921
2015-08-01,54707,0.40188056230545044,0.33672454953193665,0.9976993203163147,60.43467929149835,33.03781965744786,18.801981464894805
2015-08-09,54707,0.3815409541130066,0.2997947633266449,0.9978660941123962,57.09324218107372,28.987149724898092,17.80942109784854
2015-08-17,54707,0.379645437002182,0.29909390211105347,0.997593343257904,56.937869011278266,29.288756466265742,17.407278776025006
2015-08-25,54707,0.42132773995399475,0.36204415559768677,0.9953318238258362,63.5366589284735,35.92593269599868,20.6500082256384
2015-09-02,54707,0.45791226625442505,0.4195041358470917,0.9978622794151306,69.02224578207542,41.682051657009154,22.841683879576653
2015-09-10,54707,0.4378002882003784,0.377984881401062,0.9972230195999146,60.2518873270331,41.274425576251666,25.161313908640576
2015-09-18,54707,0.37456604838371277,0.2637849450111389,0.9971910119056702,51.36271409508838,32.401703621108815,20.922368252691612
2015-09-26,54707,0.38395956158638,0.2452620565891266,0.9958406090736389,49.60425539693275,34.31370756941525,24.066390041493776
2015-10-04,54707,0.3400287330150604,0.1805577576160431,0.9955663084983826,43.01460507796077,29.00725684098927,20.692050377465407
2015-10-12,54707,0.3108484148979187,0.15267719328403473,0.9915696978569031,39.69144716398267,25.80839746284753,18.003180580181695
2015-10-20,54707,0.2796035408973694,0.11429088562726974,0.9921392798423767,34.436178185606956,22.896521468916227,16.43665344471457
2015-10-28,54707,0.2793239951133728,0.11178088188171387,0.9920280575752258,35.77421536549254,23.295007951450454,15.844407479847186
2015-11-05,54707,0.24805346131324768,0.10403746366500854,0.9913337826728821,32.619226058822456,19.414334545853364,11.490302886285118
2015-11-13,54707,0.2514437437057495,0.1035124734044075,0.9927213788032532,32.906209443032886,19.684866653261924,11.411702341565064
2015-11-21,54707,0.2432021200656891,0.13901333510875702,0.9906905889511108,34.94068400753103,16.623101248469116,7.181896283839362
2015-11-29,54707,0.24223153293132782,0.1552104949951172,0.9915174245834351,35.85098799056794,15.177216809549051,5.8913850147147535
2015-12-07,54707,0.24654115736484528,0.17096859216690063,0.9907535314559937,38.12309210887089,14.727548576964555,4.842159138684264
2015-12-15,54707,0.27152952551841736,0.210165873169899,0.9896256327629089,44.049207596834044,16.445793042937833,4.2060431023452205
2015-12-23,54707,0.31954431533813477,0.2695440351963043,0.9906694889068604,52.94020874842342,21.50181878004643,4.85495457619683
2015-12-31,54707,0.3430637717247009,0.3064689040184021,0.9891452193260193,59.70168351399272,23.220063246019702,4.458296013307255
2016-01-05,54707,0.3619278371334076,0.33623695373535156,0.9883936047554016,64.64072239384356,25.786462427111704,4.487542727621694
2016-01-13,54707,0.37066468596458435,0.356701135635376,0.9807300567626953,70.31824081013399,24.293052077430676,2.997788217229971
2016-01-21,54707,0.3615782558917999,0.34640857577323914,0.9516177177429199,70.44619518525965,21.30623137806862,2.462207761346811
2016-01-29,54707,0.34382161498069763,0.32517287135124207,0.9453794360160828,68.57257754949092,17.37985998135522,1.8151242071398541
2016-02-06,54707,0.30968451499938965,0.26905643939971924,0.941453218460083,54.24899921399455,15.767634854771783,1.8443709214542927
2016-02-14,54707,0.2681507170200348,0.22479793429374695,0.9429604411125183,44.72553786535544,11.305683002175225,1.0090116438481365
2016-02-22,54707,0.22040967643260956,0.18479466438293457,0.8762847185134888,33.70135448845669,5.083444531778383,0.1297822947703219
2016-03-01,54707,0.18450193107128143,0.14491485059261322,0.8989253640174866,23.79585793408522,3.4273493337232894,0.2248341162922478
2016-03-09,54707,0.1904272735118866,0.14488950371742249,0.918832004070282,24.36434094357212,4.770870272542819,0.4825707861882391
2016-03-17,54707,0.21263569593429565,0.16928499937057495,0.9125291109085083,29.09316906428793,6.178368398925183,0.6196647595371707
2016-03-25,54707,0.14708945155143738,0.11489903181791306,0.8969533443450928,12.991024914544758,1.8900689125706034,0.25590875025133897
2016-04-02,54707,0.08548182249069214,0.06704729795455933,0.8540126085281372,3.2573528067706143,0.42224943791470926,0.04021423218235327
2016-04-10,54707,0.11165056377649307,0.07590898871421814,0.9683099985122681,8.618641124536165,1.6414718408978741,0.40945400040214236
2016-04-18,54707,0.1304330825805664,0.07921053469181061,0.9676153659820557,12.764362878607857,3.9592739503171446,1.0912680278574953
2016-04-26,54707,0.2593369483947754,0.14289358258247375,0.9892444610595703,35.48357614199279,19.67755497468331,9.413786169959968
2016-05-04,54707,0.2918926775455475,0.15738405287265778,0.9932584762573242,39.298444440382404,23.951231103880673,13.564991682965616
2016-05-12,54707,0.28264009952545166,0.14826002717018127,0.9966088533401489,35.565832526002154,21.229458752993217,14.190140201436746
2016-05-20,54707,0.42823103070259094,0.3299557566642761,0.9983035326004028,57.102381779296984,38.92554883287331,26.724185204818397
2016-05-28,54707,0.44094324111938477,0.35336601734161377,0.9979116320610046,59.851572924854224,39.99122598570567,27.102564571261446
2016-06-05,54707,0.40380364656448364,0.2926526665687561,0.9990025162696838,54.63469025901622,34.874878900323544,23.3662968175919
2016-06-13,54707,0.39551007747650146,0.27884212136268616,0.9982131719589233,53.23633173085711,33.80920174749118,22.51448626318387
2016-06-21,54707,0.38044652342796326,0.2593594789505005,0.9965384006500244,51.11777286270496,31.767415504414426,21.085053101065675
2016-06-29,54707,0.369219571352005,0.24978914856910706,0.9974895715713501,49.973495165152535,31.37624070045881,20.671943261374228
2016-07-07,54707,0.39866966009140015,0.3167189061641693,0.9971504807472229,57.21022903833147,33.98833787266712,21.068601824263805
2016-07-15,54707,0.4017612338066101,0.3165653347969055,0.9974187612533569,56.7788400021935,34.661012301899206,21.75041585171916
2016-07-23,54707,0.4389196038246155,0.38266509771347046,0.9968603849411011,63.686548339335005,39.324035315407535,23.596614692818104
2016-07-31,54707,0.44643861055374146,0.3944561183452606,0.9973825812339783,63.76514888405506,40.87959493300674,24.466704443672658
2016-08-08,54707,0.3822951912879944,0.29092150926589966,0.9959456324577332,55.35123475971996,30.40561536914837,19.083481090171276
2016-08-16,54707,0.3849824368953705,0.2987464666366577,0.9970882534980774,57.07313506498254,29.531869779004516,18.81477690240737
2016-08-24,54707,0.3333444595336914,0.22048918902873993,0.9970787763595581,45.083810115707315,23.907361032409018,16.8771820790758
2016-09-01,54707,0.3180548846721649,0.19638782739639282,0.9935552477836609,41.775275558886435,23.422962326576126,16.626757087758424
2016-09-09,54707,0.33399277925491333,0.21255670487880707,0.9938111901283264,44.64328148134608,25.486683605388706,17.19158425795602
2016-09-17,54707,0.32844439148902893,0.19696807861328125,0.9955726861953735,42.886650702835105,25.462920650008225,17.626629133383297
2016-09-25,54707,0.30580711364746094,0.16774940490722656,0.994962215423584,39.360593708300584,23.454036960535216,16.456760560805748
2016-10-03,54707,0.29100388288497925,0.13055668771266937,0.9940910935401917,34.92057689143985,22.653408156177456,16.66331548065147
2016-10-11,54707,0.2789863049983978,0.10993815958499908,0.9940539002418518,33.71780576525856,22.368252691611676,16.348913301771255
2016-10-19,54707,0.2564655542373657,0.0886082872748375,0.9936164617538452,30.972270458990625,20.620761511323963,14.954210612901456
2016-10-27,54707,0.2483813315629959,0.0747511237859726,0.9931435585021973,29.98884969016762,20.229586707368345,14.612389639351452
2016-11-04,54707,0.22641178965568542,0.06714730709791183,0.9909441471099854,28.343722009980443,18.175005026779022,12.018571663589668
2016-11-12,54707,0.23838543891906738,0.07540267705917358,0.9929429888725281,30.866251119600786,19.20595170636299,12.318350485312665
2016-11-20,54707,0.2364969402551651,0.08360523730516434,0.9912093877792358,31.59376313817245,18.74714387555523,10.866982287458644
2016-11-28,54707,0.22215725481510162,0.08785389363765717,0.9897958636283875,30.45496919955399,16.381815855375,8.211015043778676
2016-12-06,54707,0.22945106029510498,0.1168360561132431,0.993756890296936,31.39269197726068,15.542800738479537,6.89308497998428
2016-12-14,54707,0.24609960615634918,0.15325003862380981,0.994470477104187,35.35562176686713,15.626885042133548,6.103423693494435
2016-12-22,54707,0.26939383149147034,0.1928125023841858,0.9873193502426147,41.078838174273855,16.60299413237794,5.4398888624856045
2016-12-30,54707,0.3067997395992279,0.24967634677886963,0.9909262657165527,49.95338804906137,19.556912278136256,5.321074085583198
2017-01-05,54707,0.3232921063899994,0.27081966400146484,0.991327702999115,53.51600343648894,20.79258595792129,5.5513919608094024
2017-01-13,54707,0.34499049186706543,0.31043776869773865,0.9899359345436096,61.11283747966439,21.591386842634396,4.505821924068218
2017-01-21,54707,0.3399541676044464,0.30973735451698303,0.9844836592674255,63.93514541100773,18.29199188403678,2.8954247171294347
2017-01-29,54707,0.3418407440185547,0.30369988083839417,0.981732964515686,62.42528378452483,19.112727804485715,3.493154440930777
2017-02-06,54707,0.30222287774086,0.2566192150115967,0.9819108843803406,51.42303544336191,15.919352185277935,2.5901621364724807
2017-02-14,54707,0.27385658025741577,0.22533288598060608,0.9695102572441101,44.972307017383514,13.151881843274168,1.9266273054636518
2017-02-22,54707,0.22770796716213226,0.17880459129810333,0.9448769092559814,33.61544226515802,7.94962253459338,1.1972873672473359
2017-03-02,54707,0.22068697214126587,0.17336073517799377,0.96440589427948,30.90280951249383,6.9844809622169,1.171696492222202
2017-03-10,54707,0.18350249528884888,0.1427718997001648,0.9593526124954224,21.326338494159796,3.8203520573235603,0.7147165810590966
2017-03-18,54707,0.16247496008872986,0.12884239852428436,0.9712680578231812,14.800665362750653,2.765642422359113,0.6763302685213958
2017-03-26,54707,0.12890316545963287,0.10114175081253052,0.9630085825920105,8.437677079715575,1.3471767781088344,0.29612298243369223
2017-04-03,54707,0.18631377816200256,0.1347215175628662,0.9835814237594604,24.36434094357212,5.787193594969565,0.8828851883671194
2017-04-11,54707,0.32859566807746887,0.20818805694580078,0.9950858950614929,44.83521304403458,27.000201071160912,14.701957701939422
2017-04-19,54707,0.29828524589538574,0.16410286724567413,0.9918099045753479,37.174401813296285,22.260405432577183,14.54841245178862
2017-04-27,54707,0.3518247604370117,0.23871321976184845,0.9898520112037659,48.64094174420093,28.612426197744345,17.805765258559234
2017-05-05,54707,0.33817681670188904,0.2233627736568451,0.9886530041694641,46.60829509934744,27.577823678871077,16.975889739887034
2017-05-13,54707,0.3221215605735779,0.19818182289600372,0.9919179081916809,43.14255945308644,25.5177582393478,16.343429542837296
2017-05-21,54707,0.32762250304222107,0.2175440490245819,0.9908375144004822,45.17703401758459,25.057122488895388,15.667099274315902
2017-05-29,54707,0.32545968890190125,0.18414035439491272,0.9948177933692932,41.02765642422359,25.665819730564642,17.888021642568592
2017-06-06,54707,0.41710108518600464,0.3497522175312042,0.9947301149368286,60.13490046977535,37.64966092090592,21.712029539181458
2017-06-14,54707,0.37613531947135925,0.27072200179100037,0.9983870983123779,52.21635256914106,32.30299596029759,19.88045405523973
2017-06-22,54707,0.4610758423805237,0.4413854479789734,0.995945155620575,65.38285776957244,45.27208583910651,26.055166614875606
2017-06-30,54707,0.45811930298805237,0.43516987562179565,0.9974938631057739,64.63341071526496,44.996069972764,26.54687699928711
2017-07-08,54707,0.43102484941482544,0.3807673454284668,0.9978231191635132,61.92260588224542,40.071654450070376,22.93673570109858
2017-07-16,54707,0.43464919924736023,0.38402625918388367,0.9980878233909607,61.074451167126696,40.722393843566635,24.623905533112765
2017-07-24,54707,0.4105561077594757,0.33486950397491455,0.9986509680747986,58.72009066481437,35.75959200833531,22.13062313780686
2017-08-01,54707,0.41952285170555115,0.3473159670829773,0.9974702596664429,60.61929917560824,36.520006580510724,22.295135905825582
2017-08-09,54707,0.42809873819351196,0.3591952323913574,0.9964603781700134,62.02862522163526,37.71363810846875,23.039099201199114
2017-08-17,54707,0.48165783286094666,0.4485740661621094,0.9980593323707581,69.01676202314147,45.69250735737657,28.069534063282582
2017-08-25,54707,0.4505017101764679,0.39922502636909485,0.9953989386558533,65.12512109967645,41.146471201126,25.079057524631214
2017-09-02,54707,0.46327656507492065,0.4126949608325958,0.996129035949707,66.97680369970936,42.31085601476959,26.37139671340048
2017-09-10,54707,0.4420178532600403,0.3704947233200073,0.9985817670822144,61.59906410514194,40.15756667336904,26.002156945180687
2017-09-18,54707,0.4303514063358307,0.3490953743457794,0.99809330701828,58.968687736487105,38.750068546986675,25.83581625751732
2017-09-26,54707,0.3583768308162689,0.2223311811685562,0.9950302839279175,47.379677189390755,31.041731405487415,21.37386440492076
2017-10-04,54707,0.33791372179985046,0.1724698543548584,0.994897186756134,43.250406712120935,29.628749520171095,21.412250717458463
2017-10-12,54707,0.31925466656684875,0.1591428518295288,0.9934917092323303,41.10442904929899,27.21772350887455,19.392399510117535
2017-10-20,54707,0.321306437253952,0.15878714621067047,0.9950672388076782,41.226899665490706,27.356645401868136,19.43444166194454
2017-10-28,54707,0.32274049520492554,0.14636395871639252,0.995465874671936,41.024000584934285,28.03845942932349,20.01389218929936
2017-11-05,54707,0.3043176233768463,0.12816990911960602,0.9947081804275513,38.70437055587036,26.135595079240314,18.597254464693734
2017-11-13,54707,0.29013460874557495,0.1112651377916336,0.9950546026229858,36.95139561664869,24.728096952857953,17.504158517191584
2017-11-21,54707,0.2727998197078705,0.10565286874771118,0.9944315552711487,35.28981665965964,22.96781033505767,14.926791818231672
2017-11-29,54707,0.25829431414604187,0.11974740028381348,0.9955219030380249,35.19659275778237,20.428829948635457,10.84870309101212
2017-12-07,54707,0.2608671486377716,0.13573281466960907,0.996291995048523,35.1490668470214,19.533149322755772,9.857970643610507
2017-12-15,54707,0.2599903345108032,0.1420191079378128,0.9952763319015503,36.77225949147275,19.514870126309248,8.640576160271994
2017-12-23,54707,0.2671031653881073,0.15923449397087097,0.9937090873718262,37.715466028113404,19.34304567971192,8.245745517027071
2017-12-31,54707,0.2798197567462921,0.19102905690670013,0.9950681924819946,41.4535617014276,18.999396786517263,7.393934962619044
2018-01-05,54707,0.2925521433353424,0.21926887333393097,0.9952867031097412,45.23187160692416,18.767250991646407,6.467179702780265
2018-01-13,54707,0.3110678195953369,0.25784605741500854,0.9944300055503845,51.295081068236236,18.674027089769133,5.626336666240152
2018-01-21,54707,0.32012149691581726,0.28354912996292114,0.9902414679527283,56.1756265194582,17.359752865264046,3.798417021587731
2018-01-29,54707,0.3084982931613922,0.2759230136871338,0.9892979860305786,56.02025334966275,14.14261429067578,3.377995503317674
2018-02-06,54707,0.2891473174095154,0.2551960349082947,0.9711524248123169,51.48152887199079,10.581826822892866,2.3269417076425323
2018-02-14,54707,0.2429908812046051,0.19935187697410583,0.9679247736930847,36.48527610726233,7.529201016323323,1.3599722156214011
2018-02-22,54707,0.2118680477142334,0.17001259326934814,0.9311098456382751,29.985193850878318,5.410642148171166,0.5374083755278117
2018-03-02,54707,0.16768313944339752,0.13352766633033752,0.9120852947235107,17.67415504414426,2.4750031988593784,0.23945747344946716
2018-03-10,54707,0.20636332035064697,0.16962456703186035,0.9380576014518738,27.47180433948124,4.595389986656186,0.6050414023799514
2018-03-18,54707,0.2073601335287094,0.17097952961921692,0.9376623034477234,27.62352166998739,4.639260058127845,0.6196647595371707
2018-03-26,54707,0.16102278232574463,0.12787948548793793,0.9296061396598816,15.22839855959932,2.487798636371945,0.3728956075090939
2018-04-03,54707,0.11480899900197983,0.08659444749355316,0.9479578733444214,7.042974390845778,1.2831995905459996,0.2632204288299486
2018-04-11,54707,0.09340326488018036,0.06789857894182205,0.9281043410301208,4.889685049445227,1.0821284296342333,0.17548028588663242
2018-04-19,54707,0.07896896451711655,0.05396808683872223,0.9667195081710815,3.8422870930593893,1.0126674831374411,0.20472700020107118
2018-04-27,54707,0.08528143912553787,0.054741811007261276,0.9815701842308044,5.215054746193357,1.2375015994296892,0.2522529109620341
2018-05-05,54707,0.11015885323286057,0.0758071169257164,0.9866876006126404,8.74293966037253,1.8334034035863782,0.3966585628895754
2018-05-13,54707,0.23379549384117126,0.1382349133491516,0.9932098984718323,32.31944723709946,15.296031586451459,6.052241943444167
2018-05-21,54707,0.2653643488883972,0.17025941610336304,0.9933385252952576,37.19633684903212,18.017803937338915,8.408430365401138
2018-05-29,54707,0.29086604714393616,0.2019774466753006,0.9942118525505066,42.327307291571465,20.690222457820752,9.861626482899812
2018-06-06,54707,0.29480859637260437,0.19604268670082092,0.9931123852729797,41.480980496097395,21.187416601166213,11.541484636335387
2018-06-14,54707,0.38183921575546265,0.30017805099487305,0.9917656779289246,56.702067377118105,31.25194216462244,17.811249017493193
2018-06-22,54707,0.4067271947860718,0.35210952162742615,0.9941535592079163,60.17328678231305,36.98795400954174,19.04143893834427
2018-06-30,54707,0.44913873076438904,0.41686299443244934,0.9977383613586426,63.24236386568447,43.504487542727624,25.71517356097026
2018-07-08,54707,0.4528418183326721,0.4172235429286957,0.9953333735466003,63.95159668780961,43.30707222110516,26.104520445281228
2018-07-16,54707,0.38876134157180786,0.2992251217365265,0.995169460773468,55.184894072056586,33.58436763119893,20.719469172135195
2018-07-24,54707,0.3829863965511322,0.293703556060791,0.9958959817886353,55.10263768804723,31.87526276344892,19.531321403111118
2018-08-01,54707,0.41176140308380127,0.34511494636535645,0.9981558918952942,60.62295501489755,35.88937430310564,21.106988136801505
2018-08-09,54707,0.3866024911403656,0.3031850755214691,0.9981443881988525,56.393148957171846,31.579139781015225,19.235198420677428
2018-08-17,54707,0.3419186472892761,0.2328691929578781,0.9956774115562439,47.58440418959183,25.941835596907158,16.91008463267955
2018-08-25,54707,0.3589186370372772,0.26113635301589966,0.99577397108078,51.6387299614309,27.047726981921876,17.292119838411903
2018-09-02,54707,0.3505149185657501,0.2434655725955963,0.9966599941253662,49.046739905313764,26.740636481620268,17.277496481254683
2018-09-10,54707,0.3360294997692108,0.21975044906139374,0.9966999888420105,45.42014733032336,25.042499131738165,16.802237373645053
2018-09-18,54707,0.3257894814014435,0.17848806083202362,0.9960005879402161,42.043979746650336,26.36225711517722,17.544372749373938
2018-09-26,54707,0.2765505015850067,0.12386833131313324,0.9955160021781921,33.333942639881556,21.31537097629188,15.040122836200121
2018-10-04,54707,0.2505623698234558,0.0985754057765007,0.9934752583503723,30.160674136764946,19.465516295903633,13.362092602409199
2018-10-12,54707,0.2392420917749405,0.0930485725402832,0.9937731623649597,29.219295519768952,18.31575483941726,11.945454877803572
2018-10-20,54707,0.23214343190193176,0.07879777252674103,0.9956305027008057,28.718445537134187,18.07264152667849,11.601805984608916
2018-10-28,54707,0.21281035244464874,0.06539339572191238,0.9929506778717041,27.37858043760396,16.443965123293182,9.757435063154624
2018-11-05,54707,0.21138247847557068,0.07019612938165665,0.9934084415435791,27.901365455974553,16.010748167510556,8.96960169630943
2018-11-13,54707,0.20759806036949158,0.07195039838552475,0.9925333261489868,28.449741349370285,15.281408229294241,7.4798471859177065
2018-11-21,54707,0.19657781720161438,0.07989628612995148,0.9859241843223572,27.968998482826695,12.877693896576305,5.09623996929095
2018-11-29,54707,0.18986444175243378,0.08445967733860016,0.990793764591217,27.429762187654234,11.50492624344234,4.343137075694153
2018-12-07,54707,0.19473031163215637,0.09448374062776566,0.9919313788414001,28.334582411757182,11.196007823496078,3.7582027894053778
2018-12-15,54707,0.21535147726535797,0.12801925837993622,0.9896767735481262,32.21159997806497,11.442776975524156,3.1239146727109874
2018-12-23,54707,0.23439933359622955,0.15169794857501984,0.9873719215393066,35.26788162392381,13.948854808342626,3.6759464053960187
2018-12-31,54707,0.2840135097503662,0.2218121737241745,0.9886456727981567,45.64498144661561,17.42555797247153,3.7362677536695483
2019-01-05,54707,0.30036890506744385,0.2572501003742218,0.9906072616577148,51.1890617288464,17.877054124700678,3.07273292266072
2019-01-13,54707,0.31683772802352905,0.2856099605560303,0.9846975803375244,56.40960023397371,17.531577311861373,2.506077832818469
2019-01-21,54707,0.3193984031677246,0.2888278663158417,0.9807623028755188,59.32330414754967,14.769590728791563,2.0728608770358457
2019-01-29,54707,0.2957956790924072,0.2577873766422272,0.9855412840843201,51.883671193814315,12.925219807337267,2.08382839490376
2019-02-06,54707,0.27776047587394714,0.23522162437438965,0.9705380797386169,46.39260058127845,12.150181878004643,1.8736176357687317
2019-02-14,54707,0.2714344561100006,0.2286422997713089,0.9757383465766907,45.314127990933514,12.258029137039136,1.648783519476484
2019-02-22,54707,0.22715650498867035,0.18506813049316406,0.9579227566719055,33.85489973860749,6.637176229732941,0.8408430365401136
2019-03-02,54707,0.19385159015655518,0.1564343124628067,0.958350658416748,24.554444586615972,3.765514467983987,0.4441844736505383
2019-03-10,54707,0.19478286802768707,0.15652331709861755,0.9604877233505249,23.945747344946717,4.078088727219551,0.4533240718738004
2019-03-18,54707,0.20311403274536133,0.1593376100063324,0.9401427507400513,27.098908731972145,5.438060942840953,0.5666550898422505
2019-03-26,54707,0.1812468320131302,0.13651886582374573,0.932735800743103,21.744932092785202,4.474747290109127,0.5428921344617691
2019-04-03,54707,0.10914045572280884,0.08605056256055832,0.9453258514404297,5.242473540863143,1.016323322426746,0.16999652695267514
2019-04-11,54707,0.08195185661315918,0.05962470918893814,0.9867406487464905,3.6010016999652694,0.9925603670462647,0.24311331273877199
2019-04-19,54707,0.07385986298322678,0.05293700098991394,0.9860061407089233,3.092840038751896,0.8938527062350339,0.23031787522620506
2019-04-27,54707,0.08354388922452927,0.06012313812971115,0.9896803498268127,3.4968102802200813,0.8755735097885097,0.21569451806898568
2019-05-05,54707,0.1447407752275467,0.08787762373685837,0.9870913028717041,16.522565668013232,4.688613888533459,1.341693019174877
2019-05-13,54707,0.17183472216129303,0.10430563241243362,0.9848611354827881,20.27345677884,7.269636426782679,2.961229824336922
2019-05-21,54707,0.21602806448936462,0.1424948275089264,0.9932965636253357,29.118759939313065,10.872466046392601,4.8933408887345315
2019-05-29,54707,0.2901119887828827,0.21082328259944916,0.9937602877616882,43.3783610872466,19.112727804485715,9.25658508051986
2019-06-06,54707,0.34867388010025024,0.2529211640357971,0.9964888095855713,50.3591862101742,27.532125687754768,15.83161204233462
2019-06-14,54707,0.30671587586402893,0.18245483934879303,0.9959452748298645,40.59261154879631,23.658763960736287,14.82808415742044
2019-06-22,54707,0.2968798875808716,0.15805064141750336,0.9973495006561279,38.13771546602812,22.942219460032536,15.173560970259746
2019-06-30,54707,0.4175647795200348,0.3505030870437622,0.9989100694656372,58.77492825415395,38.638565448662874,22.874586433180397
2019-07-08,54707,0.4115479588508606,0.33813655376434326,0.9972875118255615,58.61955508435849,36.850860036192806,21.808909280348036
2019-07-16,54707,0.47278857231140137,0.47794872522354126,0.9970390796661377,67.78291626300108,48.22783190450948,25.72248523954887
2019-07-24,54707,0.5027321577072144,0.5183256268501282,0.9979844093322754,69.83932586323505,51.450454238031696,30.877218637468694
2019-08-01,54707,0.4635182321071625,0.4360977113246918,0.9973504543304443,65.43769535891202,44.66156067779261,26.709561847661178
2019-08-09,54707,0.39566269516944885,0.30571767687797546,0.9971312284469604,56.391321037527185,33.1054526843,20.723125011424496
2019-08-17,54707,0.403170645236969,0.3272137939929962,0.996537446975708,59.34889502257481,33.41802694353556,20.238726305591605
2019-08-25,54707,0.3645661473274231,0.2661602199077606,0.9952228665351868,52.27484599776994,27.78255067907215,17.957482589065386
2019-09-02,54707,0.35469377040863037,0.2547622323036194,0.9955670237541199,50.73390973732794,26.762571517356097,17.019759811358693
2019-09-10,54707,0.3313741385936737,0.21840548515319824,0.9944279193878174,45.175206097939935,24.190688577330143,16.29407571243168
2019-09-18,54707,0.3071846663951874,0.15181779861450195,0.9955344200134277,37.086661670352974,24.452081086515438,17.53888899043998
2019-09-26,54707,0.2839491665363312,0.12841574847698212,0.9949670433998108,34.07790593525509,22.700934066938416,15.893761310252803
2019-10-04,54707,0.29470837116241455,0.1389409750699997,0.9963588118553162,35.743140731533444,23.545432942767835,16.48052351618623
2019-10-12,54707,0.2730506360530853,0.10176292061805725,0.9955239295959473,32.699654523187164,22.148902334253386,15.857202917359754
2019-10-20,54707,0.24681971967220306,0.08662721514701843,0.9952451586723328,29.62326576123714,19.761639278337324,13.696601897380592
2019-10-28,54707,0.26760223507881165,0.09834086894989014,0.9951657056808472,32.67954740709598,21.527409655071565,15.051090354068036
2019-11-05,54707,0.25924333930015564,0.08999691158533096,0.995613694190979,32.20794413877566,21.04849470817263,14.096916299559473
2019-11-13,54707,0.2325183004140854,0.06921378523111343,0.9955779314041138,29.765843493520023,18.750799714844536,11.934487359935657
2019-11-21,54707,0.2207045704126358,0.06784545630216599,0.9923322200775146,28.241358509879905,16.999652695267518,10.194307858226551
2019-11-29,54707,0.21843157708644867,0.08076386898756027,0.992230236530304,29.04747107317162,16.067413676494784,8.538212660171459
2019-12-07,54707,0.2161748856306076,0.10109999775886536,0.9930887818336487,29.18090920723125,14.458844389200651,6.734055970899519
2019-12-15,54707,0.22453288733959198,0.13183791935443878,0.9938768744468689,31.473120441625387,13.363920522053851,5.324729924872503
2019-12-23,54707,0.2725347578525543,0.20701058208942413,0.9825657606124878,43.34545853364286,15.842579560202532,4.200559343411263
2019-12-31,54707,0.2760850489139557,0.2075255960226059,0.9865921139717102,43.137075694152486,17.1733050615095,3.9885206646315825
2020-01-05,54707,0.24390320479869843,0.16992339491844177,0.9939085245132446,37.4120313671011,13.848319227886744,3.8879850841756998
2020-01-13,54707,0.3109529912471771,0.27002087235450745,0.9932663440704346,53.4172957756777,18.714241321951487,3.8240078966128648
2020-01-21,54707,0.35090357065200806,0.32329699397087097,0.9893129467964172,65.79779552890855,19.567879796004167,2.9539181457583124
2020-01-29,54707,0.34592899680137634,0.3275683522224426,0.9852890372276306,66.56552177966256,19.514870126309248,2.6340322079441387
2020-02-06,54707,0.338274747133255,0.30321115255355835,0.9739103317260742,63.741385928674575,17.299431516990513,2.321457948708575
2020-02-14,54707,0.2952154278755188,0.2520785629749298,0.9798585176467896,50.412195879869124,14.241321951487013,1.9083481090171277
2020-02-22,54707,0.27000147104263306,0.22420793771743774,0.9773178100585938,44.24662291845651,12.082548851152504,1.5043778675489425
2020-03-01,54707,0.25297728180885315,0.20147933065891266,0.9871769547462463,39.98757014641636,11.530517118467472,1.8516826000329025
2020-03-09,54707,0.25668591260910034,0.21265645325183868,0.9790660738945007,42.025700550203815,10.994936662584314,1.5628712961778202
2020-03-17,54707,0.2568891644477844,0.21100379526615143,0.9641939401626587,41.01486098671102,10.473979563858373,1.6323322426746119
2020-03-25,54707,0.2533629536628723,0.20130473375320435,0.9789319634437561,39.30392819931636,10.835907653499552,1.8187800464291588
2020-04-02,54707,0.2906724810600281,0.2361966222524643,0.9776778817176819,47.35591423401027,16.356224980349864,3.6649788875281044
2020-04-10,54707,0.2529965043067932,0.1996689885854721,0.9794222712516785,39.552525270989086,11.631052698923355,1.9613577787120478
2020-04-18,54707,0.1409955471754074,0.10788873583078384,0.9734728336334229,12.7972654322116,1.6323322426746119,0.1462335715721937
2020-04-26,54707,0.08272171765565872,0.06037411838769913,0.9806213974952698,3.4712194051949474,0.786005447200541,0.13709397334893159
2020-05-04,54707,0.08636993169784546,0.06103550270199776,0.9882535934448242,4.251741093461532,0.7951450454238032,0.12612645548101706
2020-05-12,54707,0.0799931213259697,0.05187559500336647,0.9873859882354736,4.480231049043084,1.0839563492788857,0.23762955380481474
2020-05-20,54707,0.14200425148010254,0.09359577298164368,0.9925644993782043,15.445920997312959,3.6668068071727564,0.8024567240024129
2020-05-28,54707,0.3347623348236084,0.24193225800991058,0.9942280054092407,48.85115250333595,24.67143144387373,13.74778364743086
2020-06-05,54707,0.3740180432796478,0.29398787021636963,0.9982012510299683,55.50478000987077,31.041731405487415,16.54267278410441
2020-06-13,54707,0.4003913402557373,0.3175554871559143,0.9970833659172058,57.06765130604858,35.2221836328075,20.752371725738936
2020-06-21,54707,0.4203593134880066,0.33761727809906006,0.9987815022468567,57.84451715502586,38.22179976968212,24.216279452355273
2020-06-29,54707,0.5005245804786682,0.4933091700077057,0.9983969330787659,66.33703182408101,49.59694371835414,33.88963021185589
2020-07-07,54707,0.49005642533302307,0.48340845108032227,0.9981688261032104,65.25124755515748,48.995558155263495,32.34138227283528
2020-07-15,54707,0.5446196794509888,0.5948760509490967,0.9987977743148804,70.58146123896394,55.921545688851516,38.75372438627598
2020-07-23,54707,0.5444726943969727,0.5912259817123413,0.9977501034736633,71.87928418666716,56.411428153618374,37.79406657283346
2020-07-31,54707,0.4983732998371124,0.48845529556274414,0.9983615279197693,66.91282651214652,49.22404811084505,32.66857988922807
2020-08-08,54707,0.43945223093032837,0.3797706365585327,0.9970346689224243,61.05799989032482,41.02582850457894,26.303763686548336
2020-08-16,54707,0.43173620104789734,0.36023494601249695,0.9968428611755371,60.262854844901014,39.17597382419069,25.009596578134424
2020-08-24,54707,0.40953245759010315,0.3192877471446991,0.9976873397827148,56.713034894986016,36.29882830350778,23.00985248688468
2020-09-01,54707,0.40000754594802856,0.30923497676849365,0.9971561431884766,55.23241998281756,35.30809585610616,22.501690825671304
2020-09-09,54707,0.38842645287513733,0.27679410576820374,0.9964667558670044,52.54172226588919,33.52587420257006,22.55835633465553
2020-09-17,54707,0.3775709271430969,0.23886309564113617,0.9952858090400696,49.061363262470984,33.55146507759519,23.463176558758477
2020-09-25,54707,0.38973018527030945,0.2516030967235565,0.9968493580818176,50.11972873672473,35.26239786498985,25.26002156945181
2020-10-03,54707,0.39247405529022217,0.24034953117370605,0.9967576861381531,49.39221671815307,36.671723911016876,26.592574990403424
2020-10-11,54707,0.34489670395851135,0.15779533982276917,0.9950807094573975,43.23761127460837,31.350649825433674,22.825232602774783
2020-10-19,54707,0.3177618682384491,0.1364799439907074,0.9945171475410461,40.2782093699161,28.065878223993273,19.71411336757636
2020-10-27,54707,0.3115355968475342,0.12679091095924377,0.9954959154129028,39.56166486921235,27.254281901767598,19.20777962600764
2020-11-04,54707,0.287578821182251,0.1091114953160286,0.9931394457817078,36.46516899117115,24.46304860438335,16.9119125523242
2020-11-12,54707,0.26905345916748047,0.09932184964418411,0.9933295249938965,34.84014842707515,22.63330104008628,15.023671559398249
2020-11-20,54707,0.26980501413345337,0.10961820930242538,0.9931435585021973,35.57497212422542,22.24943791470927,13.543056647229786
2020-11-28,54707,0.2511062026023865,0.11830445379018784,0.9866995811462402,35.14175516844279,19.308315206463526,10.137642349242327
2020-12-06,54707,0.24746105074882507,0.1229718029499054,0.9843066930770874,34.355749721242255,18.408978741294533,8.887345312300072
2020-12-14,54707,0.26940998435020447,0.18358097970485687,0.9824209809303284,40.86862741513883,18.16586542855576,6.640832069022245
2020-12-22,54707,0.3102855086326599,0.2495710700750351,0.9876806735992432,49.911345897234355,20.613449832745353,6.65179958689016
2020-12-30,54707,0.33862432837486267,0.2950907051563263,0.9909490942955017,57.31259253843201,23.444897362311952,6.364816202679731
2021-01-05,54707,0.3671382963657379,0.3354946970939636,0.9913226366043091,63.469025901621364,26.983749794359042,6.244173506132671
2021-01-13,54707,0.37620529532432556,0.35496658086776733,0.9921147227287292,68.87052845156927,26.813753267406366,4.416253861480249
2021-01-21,54707,0.37747684121131897,0.36121946573257446,0.9852750301361084,71.78788820443454,25.06077832818469,3.418209735500027
2021-01-29,54707,0.354268342256546,0.32501667737960815,0.9734342098236084,67.86334472736579,19.64465242107957,2.964885663626227
2021-02-06,54707,0.33479025959968567,0.2936357259750366,0.9704595804214478,60.3250041128192,18.776390589869667,3.308534556820882
2021-02-14,54707,0.3165143132209778,0.27275702357292175,0.9560577869415283,54.70415120551301,18.18780046429159,3.144021788802164
2021-02-22,54707,0.2965853214263916,0.24811026453971863,0.9457299709320068,49.682855941652804,17.13674666861645,3.1147750744877256
2021-03-02,54707,0.2641425132751465,0.21198324859142303,0.9564078450202942,42.34010272908403,13.254245343374704,2.3159741897746176
2021-03-10,54707,0.20892547070980072,0.16301651298999786,0.9364220499992371,28.526513974445685,6.182024238214488,0.9212715009048202
2021-03-18,54707,0.275573194026947,0.22652381658554077,0.9480822682380676,44.895534392308114,12.961778200230317,2.3159741897746176
2021-03-26,54707,0.2643159031867981,0.21158847212791443,0.9543964862823486,41.005721388487764,12.100828047599027,2.277587877236917
2021-04-03,54707,0.14203323423862457,0.1104956641793251,0.9367817640304565,11.314822600398486,1.701793189171404,0.25590875025133897
2021-04-11,54707,0.13368573784828186,0.10030007362365723,0.9202746152877808,10.896229001773081,1.7730820553128486,0.23031787522620506
2021-04-19,54707,0.10339793562889099,0.07268844544887543,0.9329378604888916,6.600617836839892,1.21556656369386,0.16634068766337032
2021-04-27,54707,0.1098533347249031,0.07150054723024368,0.947307288646698,8.753907178240445,1.7091048677500136,0.38386312537700845
2021-05-05,54707,0.07613182067871094,0.05377179756760597,0.869410514831543,3.2189664942329137,0.5867622059334271,0.10053558045588315
2021-05-13,54707,0.07628932595252991,0.05095158517360687,0.9002525210380554,3.7728261465625974,0.6580510720748717,0.08774014294331621
2021-05-21,54707,0.11705345660448074,0.06557826697826385,0.9869282841682434,10.8340797338549,3.59369002138666,1.1515893761310252
2021-05-29,54707,0.11721590161323547,0.0656188353896141,0.9905169606208801,10.488602921015593,3.860566289505913,1.648783519476484
2021-06-06,54707,0.20996631681919098,0.13008637726306915,0.9976667165756226,28.308991536732048,11.194179903851428,4.50764984371287
2021-06-14,54707,0.26171058416366577,0.1533362865447998,0.9977807402610779,33.89511397078984,17.769206865666185,10.303983036905699
2021-06-22,54707,0.29562196135520935,0.18088218569755554,0.9977820515632629,39.23995101175352,21.375692324565414,13.12263512895973
2021-06-30,54707,0.3247626721858978,0.20431102812290192,0.9963842630386353,43.66351655181238,25.038843292448863,16.189884292686493
2021-07-08,54707,0.4212777018547058,0.343841016292572,0.997575581073761,58.44955855740581,38.92737675251796,24.307675434587892
2021-07-16,54707,0.44310179352760315,0.38758584856987,0.9989755153656006,62.070667373462264,41.66925621949659,26.03323157913978
2021-07-24,54707,0.39811021089553833,0.32055407762527466,0.9981997013092041,57.9395689765478,34.300912131902685,19.821960626610853
2021-08-01,54707,0.3817436397075653,0.3078685700893402,0.9967935681343079,57.338183413457145,30.632277405085272,17.421902133182225
2021-08-09,54707,0.4331861436367035,0.3906433880329132,0.9983847141265869,66.22918456504652,38.22911144826073,20.20947959127717
2021-08-17,54707,0.4289315640926361,0.3809133768081665,0.9972065091133118,65.78317217175133,36.876450911217944,20.375820278940537
2021-08-25,54707,0.4392465054988861,0.3977374732494354,0.9952738881111145,64.82717019759812,40.38240078966129,22.34083389694189
2021-09-02,54707,0.3993763327598572,0.33267372846603394,0.9935925602912903,59.01804156689272,34.78896667702488,19.12186740270898
2021-09-10,54707,0.3377207815647125,0.2197868376970291,0.9940323233604431,46.5443179117846,26.89418173177107,17.11663955252527
2021-09-18,54707,0.3018184304237366,0.1654132753610611,0.9954138398170471,38.75189646663132,22.845339718865958,16.11311166761109
2021-09-26,54707,0.2655455768108368,0.1208089217543602,0.995215892791748,30.5774398157457,20.16012576087155,14.407662639150384
2021-10-04,54707,0.25489991903305054,0.10197451710700989,0.9958896040916443,30.15701829747564,19.84937942128064,14.159065567477654
2021-10-12,54707,0.2544369101524353,0.10271653532981873,0.9942560791969299,30.14970661889703,19.694006251485185,13.7039135759592
2021-10-20,54707,0.22067825496196747,0.08100458979606628,0.9912732243537903,26.793646151315187,16.721808909280348,10.526989233553293
2021-10-28,54707,0.2296833097934723,0.0848662406206131,0.9905995726585388,28.435117992213062,17.376204142065916,11.080848885882977
2021-11-05,54707,0.23520870506763458,0.10370824486017227,0.9910468459129333,30.01078472590345,16.774818578975268,9.532600946862376
2021-11-13,54707,0.22060371935367584,0.0957278236746788,0.9849556088447571,28.650812510282048,15.186356407772314,7.9989763649989944
2021-11-21,54707,0.20785899460315704,0.07825375348329544,0.9876030087471008,27.892225857751292,14.394867201637815,6.891257060339627
2021-11-29,54707,0.21788306534290314,0.10800609737634659,0.9884927868843079,28.91586085875665,13.20489151296909,5.39053503207999
2021-12-07,54707,0.17560537159442902,0.07109098881483078,0.9835661053657532,24.32595463103442,9.912808232950079,3.7143327179337193
2021-12-15,54707,0.2226184904575348,0.129972904920578,0.9858097434043884,32.02149633502111,13.084248816422031,4.100023762955381
2021-12-23,54707,0.2553331255912781,0.17868825793266296,0.987591028213501,38.238251046483995,14.303471219405195,3.8916409234650042
2021-12-31,54707,0.26435986161231995,0.20097468793392181,0.9870032668113708,42.06043102345221,14.780558246659478,3.3889630211855883
2022-01-05,54707,0.32010558247566223,0.282053679227829,0.9872354865074158,55.32747180433948,19.533149322755772,3.6010016999652694
2022-01-13,54707,0.31712836027145386,0.28577086329460144,0.9899464249610901,56.95066444879083,17.06362988283035,2.434788966677025
2022-01-21,54707,0.3000791072845459,0.27236175537109375,0.9856143593788147,54.879631491399635,13.14457016469556,1.6506114391211362
2022-01-29,54707,0.28389686346054077,0.24839231371879578,0.9735835194587708,49.562213245105745,11.300199243241266,1.253952876231561
2022-02-06,54707,0.266002357006073,0.22261644899845123,0.9726017117500305,43.31072806039447,10.179684501069334,1.6158809658727402
2022-02-14,54707,0.277148574590683,0.23051072657108307,0.9623708128929138,45.56272506260625,12.716836967846893,1.8132962874952017
2022-02-22,54707,0.26175427436828613,0.2143169641494751,0.9719094634056091,42.11161277350248,11.148481912735116,1.5957738497815634
2022-03-02,54707,0.2503652572631836,0.20181207358837128,0.9290948510169983,39.135759592008334,10.062697643811578,1.540936260441991
2022-03-10,54707,0.23111307621002197,0.18253034353256226,0.93458491563797,33.737912881349736,8.097684025810226,1.372767653133968
2022-03-18,54707,0.23431627452373505,0.18172748386859894,0.9431447982788086,33.95726323870802,9.084760633922533,1.6451276801871788
2022-03-26,54707,0.22221475839614868,0.1671055108308792,0.9314157962799072,31.78569470086095,8.551008097684026,1.3398650995302246
2022-04-03,54707,0.1616656333208084,0.12537026405334473,0.963329553604126,15.396567166907344,3.1348821905789017,0.3527884914179173
2022-04-11,54707,0.12233435362577438,0.09027506411075592,0.9635282754898071,9.124974866104886,1.5738388140457347,0.32354177710347853
2022-04-19,54707,0.13235841691493988,0.07770168036222458,0.975975751876831,12.545012521249566,4.622808781325973,1.2612645548101704
2022-04-27,54707,0.13010649383068085,0.08033480495214462,0.9786761403083801,12.364048476428977,3.3907909408302412,0.9889045277569598
2022-05-05,54707,0.12656806409358978,0.07156705111265182,0.9781460762023926,11.80104922587603,4.1146471201126005,1.727384064196538
2022-05-13,54707,0.19333359599113464,0.12551240622997284,0.9884541630744934,27.35847332151279,8.466923794030015,2.4896265560165975
2022-05-21,54707,0.4581737220287323,0.4320526421070099,0.9984487295150757,61.62648289981173,45.99594201838887,28.716617617489536
2022-05-29,54707,0.47653526067733765,0.4291647970676422,0.9992677569389343,61.231652256566804,46.22808781325973,33.24254665764893
2022-06-06,54707,0.48236602544784546,0.48393070697784424,0.9949378967285156,68.36785054928986,48.78351947648382,28.853711590838465
2022-06-14,54707,0.5065948963165283,0.5242748856544495,0.9998975992202759,72.73840641965378,51.880015354525014,30.473248396000514
2022-06-22,54707,0.5909631252288818,0.681715726852417,0.9965163469314575,77.46357870108031,62.666569177618946,43.758568373334306
2022-06-30,54707,0.5716028213500977,0.6684356927871704,0.9964724779129028,71.99992688321421,59.528031147750745,44.57382053484929
2022-07-08,54707,0.5653939247131348,0.6439913511276245,0.9984840750694275,72.369166651434,58.34719505730528,42.787943042023876
2022-07-16,54707,0.5404661893844604,0.5789717435836792,0.9986945986747742,70.89951925713346,54.744365437695365,38.638565448662874
2022-07-24,54707,0.47932738065719604,0.4485326409339905,0.9945196509361267,66.7336903869706,46.38711682234449,30.16981373498821
2022-08-01,54707,0.491006076335907,0.4634082615375519,0.998132050037384,69.14288847862248,46.9976419836584,30.43851792275212
2022-08-09,54707,0.4582064747810364,0.4054688513278961,0.9968282580375671,66.07929515418502,41.771619719597126,25.930868079039243
2022-08-17,54707,0.41926082968711853,0.34178465604782104,0.9965004920959473,60.6668250863692,35.91862101742007,22.32621053978467
2022-08-25,54707,0.3880525827407837,0.29228541254997253,0.9972598552703857,55.874019778090556,30.73281298554116,19.832928144478768
2022-09-02,54707,0.4152556359767914,0.32813817262649536,0.9970075488090515,59.43115140658417,34.885846418191456,22.50534666496061
2022-09-10,54707,0.37946391105651855,0.24548065662384033,0.9980175495147705,49.43791470926938,31.47677628091469,22.625989361507667
2022-09-18,54707,0.3474861979484558,0.20313681662082672,0.9964828491210938,44.840696802968544,28.866507028351034,20.67925493995284
2022-09-26,54707,0.32314667105674744,0.15605317056179047,0.9957291483879089,40.14477123585647,26.82472078527428,19.573363554938126
2022-10-04,54707,0.31783735752105713,0.1471453607082367,0.9962818026542664,38.92920467216261,26.11366004350449,19.037783099054966
2022-10-12,54707,0.3181917071342468,0.14451883733272552,0.9968083500862122,39.32769115469684,26.37870839197909,19.07434149194801
2022-10-20,54707,0.42234230041503906,0.38301602005958557,0.9813337922096252,64.4780375454695,39.88886248560513,17.798453579980624
2022-10-28,54707,0.3337649405002594,0.15753574669361115,0.9957383871078491,42.64170947045168,30.314219386915752,20.67925493995284
2022-11-05,54707,0.2762143611907959,0.08699792623519897,0.9939718842506409,35.20024859707167,24.52885371159084,16.454932641161093
2022-11-13,54707,0.2808140516281128,0.1064959242939949,0.9930550456047058,36.40301972325297,24.34240590783629,14.9487268539675
2022-11-21,54707,0.2513711750507355,0.0947769433259964,0.9913718700408936,34.31370756941525,21.03387135101541,11.428153618366936
2022-11-29,54707,0.24874813854694366,0.1093629002571106,0.990384578704834,34.032207944138776,19.14928619737876,9.746467545286709
2022-12-07,54707,0.24899424612522125,0.12688104808330536,0.9869459271430969,34.432522346317654,17.557168186886503,7.748551373681613
2022-12-15,54707,0.2349320352077484,0.12736313045024872,0.9864379167556763,32.87330688942914,15.069369550514558,5.940738845120368
2022-12-23,54707,0.2646658420562744,0.1898527592420578,0.9864673018455505,39.87789496773722,15.625057122488894,5.006671906702982
2022-12-31,54707,0.3050055205821991,0.2540385127067566,0.9853153228759766,50.699179264079554,19.050578536567535,4.820224102948434
